accession	ambiguous_bases	checkm2_completeness	checkm2_contamination	checkm2_model	checkm_completeness	checkm_contamination	checkm_marker_count	checkm_marker_lineage	checkm_marker_set_count	checkm_strain_heterogeneity	coding_bases	coding_density	contig_count	gc_count	gc_percentage	genome_size	gtdb_genome_representative	gtdb_representative	gtdb_taxonomy	gtdb_type_designation_ncbi_taxa	gtdb_type_designation_ncbi_taxa_sources	gtdb_type_species_of_genus	l50_contigs	l50_scaffolds	longest_contig	longest_scaffold	lsu_23s_contig_len	lsu_23s_count	lsu_23s_length	lsu_23s_query_id	lsu_5s_contig_len	lsu_5s_count	lsu_5s_length	lsu_5s_query_id	lsu_silva_23s_blast_align_len	lsu_silva_23s_blast_bitscore	lsu_silva_23s_blast_evalue	lsu_silva_23s_blast_perc_identity	lsu_silva_23s_blast_subject_id	lsu_silva_23s_taxonomy	mean_contig_length	mean_scaffold_length	mimag_high_quality	mimag_low_quality	mimag_medium_quality	n50_contigs	n50_scaffolds	ncbi_assembly_level	ncbi_assembly_name	ncbi_assembly_type	ncbi_bioproject	ncbi_biosample	ncbi_contig_count	ncbi_contig_n50	ncbi_country	ncbi_date	ncbi_genbank_assembly_accession	ncbi_genome_category	ncbi_genome_representation	ncbi_isolate	ncbi_isolation_source	ncbi_lat_lon	ncbi_molecule_count	ncbi_ncrna_count	ncbi_organism_name	ncbi_protein_count	ncbi_refseq_category	ncbi_rrna_count	ncbi_scaffold_count	ncbi_scaffold_l50	ncbi_scaffold_n50	ncbi_scaffold_n75	ncbi_scaffold_n90	ncbi_seq_rel_date	ncbi_spanned_gaps	ncbi_species_taxid	ncbi_ssu_count	ncbi_strain_identifiers	ncbi_submitter	ncbi_taxid	ncbi_taxonomy	ncbi_taxonomy_unfiltered	ncbi_total_gap_length	ncbi_total_length	ncbi_translation_table	ncbi_trna_count	ncbi_type_material_designation	ncbi_ungapped_length	ncbi_unspanned_gaps	ncbi_wgs_master	protein_count	scaffold_count	ssu_contig_len	ssu_count	ssu_gg_blast_align_len	ssu_gg_blast_bitscore	ssu_gg_blast_evalue	ssu_gg_blast_perc_identity	ssu_gg_blast_subject_id	ssu_gg_taxonomy	ssu_length	ssu_query_id	ssu_silva_blast_align_len	ssu_silva_blast_bitscore	ssu_silva_blast_evalue	ssu_silva_blast_perc_identity	ssu_silva_blast_subject_id	ssu_silva_taxonomy	total_gap_length	trna_aa_count	trna_count	trna_selenocysteine_count	original_gcf	search_accession
GB_GCA_008679285.1	0	95.98	1.54	Specific	95.76	1.15	427	o__Bacteroidales (UID2621)	260	50.0	4234357	89.8708168173726	21	2123597	45.07163590148917	4711604	RS_GCF_000012845.1	f	d__Bacteria;p__Bacteroidota;c__Bacteroidia;o__Bacteroidales;f__Tannerellaceae;g__Parabacteroides;s__Parabacteroides distasonis	not type material	none	f	5	5	631926	631926	262694	7	2870	NANL01000001.1	262694	8	106	NANL01000001.1	2870	5240	0	99.617	CEAZ01017753.1812.4688	Bacteria;Bacteroidota;Bacteroidia;Bacteroidales;Tannerellaceae;Parabacteroides;gut metagenome	224362	224362	t	f	f	307675	307675	Contig	ASM867928v1	na	PRJNA362284	SAMN06546902	21	307675	none	2019-09-23	GCA_008679285.1	derived from metagenome	full	LMAG:98	Human feces	none	0	none	Parabacteroides distasonis	none	na	none	none	none	none	none	none	2019/09/23	0	823	none	LMAG:98	The University of Tokyo	823	d__Bacteria;p__Bacteroidota;c__Bacteroidia;o__Bacteroidales;f__Tannerellaceae;g__Parabacteroides;s__Parabacteroides distasonis	d__Bacteria;x__FCB group;x__Bacteroidota/Chlorobiota group;p__Bacteroidota;c__Bacteroidia;o__Bacteroidales;f__Tannerellaceae;g__Parabacteroides;s__Parabacteroides distasonis	0	4711604	none	none	na	4711604	0	NANL00000000.1	3985	21	262694	7	none	none	none	none	none	none	1524	NANL01000001.1	1517	2769	0	99.604	EU136681.1.1911	Bacteria;Bacteroidota;Bacteroidia;Bacteroidales;Tannerellaceae;Parabacteroides;Parabacteroides distasonis	0	19	81	0		GCA_008679285.1
GB_GCA_959026225.1	0	99.98	0.54	Specific	99.42	0.13	427	o__Bacteroidales (UID2621)	260	0.0	4266363	91.30265345822713	77	2107058	45.0922686115516	4672770	RS_GCF_000012845.1	f	d__Bacteria;p__Bacteroidota;c__Bacteroidia;o__Bacteroidales;f__Tannerellaceae;g__Parabacteroides;s__Parabacteroides distasonis	not type material	none	f	19	19	181855	181855	none	0	none	none	none	0	none	none	none	none	none	none	none	none	60685	60685	f	f	t	91526	91526	Contig	SRR13494490_bin.7_MetaWRAP_v1.3_MAG	na	PRJEB63401	SAMEA114096577	77	91526	none	2023-07-21	GCA_959026225.1	derived from metagenome	full	SRR13494490_bin.7_MetaWRAP_v1.3_MAG	human feces metagenome	none	0	none	Parabacteroides distasonis	none	na	none	none	none	none	none	none	2023/07/21	0	823	none	SRR13494490_bin.7_MetaWRAP_v1.3_MAG	EMG	823	d__Bacteria;p__Bacteroidota;c__Bacteroidia;o__Bacteroidales;f__Tannerellaceae;g__Parabacteroides;s__Parabacteroides distasonis	d__Bacteria;x__FCB group;x__Bacteroidota/Chlorobiota group;p__Bacteroidota;c__Bacteroidia;o__Bacteroidales;f__Tannerellaceae;g__Parabacteroides;s__Parabacteroides distasonis	0	4672770	none	none	na	4672770	0	CAUFLA000000000.1	3881	77	none	0	none	none	none	none	none	none	none	none	none	none	none	none	none	none	0	17	54	0		GCA_959026225.1
GB_GCA_934828805.1	0	97.09	0.54	Specific	98.31	1.15	427	o__Bacteroidales (UID2621)	260	0.0	4270882	91.54015693215618	67	2101308	45.04234882104304	4665583	RS_GCF_000012845.1	f	d__Bacteria;p__Bacteroidota;c__Bacteroidia;o__Bacteroidales;f__Tannerellaceae;g__Parabacteroides;s__Parabacteroides distasonis	not type material	none	f	12	12	403808	403808	none	0	none	none	none	0	none	none	none	none	none	none	none	none	69629	74056	f	f	t	106519	106519	Scaffold	MTG221_bin.13.fa	na	PRJEB50699	SAMEA13566079	67	106519	none	2022-07-30	GCA_934828805.1	derived from metagenome	full	MTG221_bin.13.fa	human gut	none	0	none	Parabacteroides distasonis	none	na	none	63	12	106519	70369	45131	2022/07/30	4	823	none	MTG221_bin.13.fa	UNIVERSITY OF NEW SOUTH WALES	823	d__Bacteria;p__Bacteroidota;c__Bacteroidia;o__Bacteroidales;f__Tannerellaceae;g__Parabacteroides;s__Parabacteroides distasonis	d__Bacteria;x__FCB group;x__Bacteroidota/Chlorobiota group;p__Bacteroidota;c__Bacteroidia;o__Bacteroidales;f__Tannerellaceae;g__Parabacteroides;s__Parabacteroides distasonis	400	4665583	none	none	na	4665183	0	CAKVRO000000000.1	3891	63	none	0	none	none	none	none	none	none	none	none	none	none	none	none	none	none	400	16	51	0		GCA_934828805.1
GB_GCA_959606485.1	0	99.89	0.36	Specific	99.42	0.38	427	o__Bacteroidales (UID2621)	260	0.0	4170960	91.1232517702134	50	2072018	45.26752063947245	4577273	RS_GCF_000012845.1	f	d__Bacteria;p__Bacteroidota;c__Bacteroidia;o__Bacteroidales;f__Tannerellaceae;g__Parabacteroides;s__Parabacteroides distasonis	not type material	none	f	9	9	765944	765944	none	0	none	none	none	0	none	none	none	none	none	none	none	none	91545	91545	f	f	t	162146	162146	Contig	SRR16244384_bin.5_MetaWRAP_v1.3_MAG	na	PRJEB63177	SAMEA114095613	50	162146	none	2023-07-23	GCA_959606485.1	derived from metagenome	full	SRR16244384_bin.5_MetaWRAP_v1.3_MAG	human feces metagenome	none	0	none	Parabacteroides distasonis	none	na	none	none	none	none	none	none	2023/07/23	0	823	none	SRR16244384_bin.5_MetaWRAP_v1.3_MAG	EMG	823	d__Bacteria;p__Bacteroidota;c__Bacteroidia;o__Bacteroidales;f__Tannerellaceae;g__Parabacteroides;s__Parabacteroides distasonis	d__Bacteria;x__FCB group;x__Bacteroidota/Chlorobiota group;p__Bacteroidota;c__Bacteroidia;o__Bacteroidales;f__Tannerellaceae;g__Parabacteroides;s__Parabacteroides distasonis	0	4577273	none	none	na	4577273	0	CAUHJC000000000.1	3803	50	none	0	none	none	none	none	none	none	none	none	none	none	none	none	none	none	0	18	59	0		GCA_959606485.1
GB_GCA_934834725.1	0	99.04	0.56	Specific	98.46	1.05	427	o__Bacteroidales (UID2621)	260	50.0	4114992	91.4663608742823	54	2030406	45.13123561729519	4498913	RS_GCF_000012845.1	f	d__Bacteria;p__Bacteroidota;c__Bacteroidia;o__Bacteroidales;f__Tannerellaceae;g__Parabacteroides;s__Parabacteroides distasonis	not type material	none	f	9	9	358173	358173	none	0	none	none	none	0	none	none	none	none	none	none	none	none	83312	86517	f	f	t	168023	168023	Scaffold	MTG228_bin.5.fa	na	PRJEB50699	SAMEA13566429	54	168023	none	2022-07-30	GCA_934834725.1	derived from metagenome	full	MTG228_bin.5.fa	human gut	none	0	none	Parabacteroides distasonis	none	na	none	52	9	168023	76596	44769	2022/07/30	2	823	none	MTG228_bin.5.fa	UNIVERSITY OF NEW SOUTH WALES	823	d__Bacteria;p__Bacteroidota;c__Bacteroidia;o__Bacteroidales;f__Tannerellaceae;g__Parabacteroides;s__Parabacteroides distasonis	d__Bacteria;x__FCB group;x__Bacteroidota/Chlorobiota group;p__Bacteroidota;c__Bacteroidia;o__Bacteroidales;f__Tannerellaceae;g__Parabacteroides;s__Parabacteroides distasonis	20	4498913	none	none	na	4498893	0	CAKVWN000000000.1	3696	52	none	0	none	none	none	none	none	none	none	none	none	none	none	none	none	none	20	16	49	0		GCA_934834725.1
GB_GCA_934836305.1	0	98.82	1.22	Specific	98.37	1.15	427	o__Bacteroidales (UID2621)	260	0.0	4035266	91.45922354764508	64	1992768	45.168606407798286	4412093	RS_GCF_000012845.1	f	d__Bacteria;p__Bacteroidota;c__Bacteroidia;o__Bacteroidales;f__Tannerellaceae;g__Parabacteroides;s__Parabacteroides distasonis	not type material	none	f	14	13	315936	315936	none	0	none	none	none	0	none	none	none	none	none	none	none	none	68935	73534	f	f	t	102204	112550	Scaffold	MTG224_bin.16.fa	na	PRJEB50699	SAMEA13566252	64	102204	none	2022-07-30	GCA_934836305.1	derived from metagenome	full	MTG224_bin.16.fa	human gut	none	0	none	Parabacteroides distasonis	none	na	none	60	13	112550	70369	39687	2022/07/30	4	823	none	MTG224_bin.16.fa	UNIVERSITY OF NEW SOUTH WALES	823	d__Bacteria;p__Bacteroidota;c__Bacteroidia;o__Bacteroidales;f__Tannerellaceae;g__Parabacteroides;s__Parabacteroides distasonis	d__Bacteria;x__FCB group;x__Bacteroidota/Chlorobiota group;p__Bacteroidota;c__Bacteroidia;o__Bacteroidales;f__Tannerellaceae;g__Parabacteroides;s__Parabacteroides distasonis	250	4412093	none	none	na	4411843	0	CAKWBI000000000.1	3612	60	none	0	none	none	none	none	none	none	none	none	none	none	none	none	none	none	250	16	43	0		GCA_934836305.1
GB_GCA_958371025.1	0	99.99	0.93	Specific	99.42	0.0	427	o__Bacteroidales (UID2621)	260	0.0	4193398	91.39029519772473	77	2069672	45.10612516209178	4588450	RS_GCF_000012845.1	f	d__Bacteria;p__Bacteroidota;c__Bacteroidia;o__Bacteroidales;f__Tannerellaceae;g__Parabacteroides;s__Parabacteroides distasonis	not type material	none	f	17	17	313721	313721	none	0	none	none	none	0	none	none	none	none	none	none	none	none	59590	59590	f	f	t	91690	91690	Contig	SRR17798044_bin.10_MetaWRAP_v1.3_MAG	na	PRJEB63161	SAMEA114066079	77	91690	none	2023-07-19	GCA_958371025.1	derived from metagenome	full	SRR17798044_bin.10_MetaWRAP_v1.3_MAG	human feces metagenome	none	0	none	Parabacteroides distasonis	none	na	none	none	none	none	none	none	2023/07/19	0	823	none	SRR17798044_bin.10_MetaWRAP_v1.3_MAG	EMG	823	d__Bacteria;p__Bacteroidota;c__Bacteroidia;o__Bacteroidales;f__Tannerellaceae;g__Parabacteroides;s__Parabacteroides distasonis	d__Bacteria;x__FCB group;x__Bacteroidota/Chlorobiota group;p__Bacteroidota;c__Bacteroidia;o__Bacteroidales;f__Tannerellaceae;g__Parabacteroides;s__Parabacteroides distasonis	0	4588450	none	none	na	4588450	0	CATXLD000000000.1	3814	77	none	0	none	none	none	none	none	none	none	none	none	none	none	none	none	none	0	19	60	0		GCA_958371025.1
GB_GCA_934837735.1	0	99.52	0.51	Specific	98.46	0.58	427	o__Bacteroidales (UID2621)	260	0.0	4117850	91.45572930605492	57	2030608	45.10105942428744	4502561	RS_GCF_000012845.1	f	d__Bacteria;p__Bacteroidota;c__Bacteroidia;o__Bacteroidales;f__Tannerellaceae;g__Parabacteroides;s__Parabacteroides distasonis	not type material	none	f	12	11	428389	428389	none	0	none	none	none	0	none	none	none	none	none	none	none	none	78988	83380	f	f	t	127006	133275	Scaffold	MTG226_bin.43.fa	na	PRJEB50699	SAMEA13566375	57	127006	none	2022-07-30	GCA_934837735.1	derived from metagenome	full	MTG226_bin.43.fa	human gut	none	0	none	Parabacteroides distasonis	none	na	none	54	11	133275	72457	45131	2022/07/30	3	823	none	MTG226_bin.43.fa	UNIVERSITY OF NEW SOUTH WALES	823	d__Bacteria;p__Bacteroidota;c__Bacteroidia;o__Bacteroidales;f__Tannerellaceae;g__Parabacteroides;s__Parabacteroides distasonis	d__Bacteria;x__FCB group;x__Bacteroidota/Chlorobiota group;p__Bacteroidota;c__Bacteroidia;o__Bacteroidales;f__Tannerellaceae;g__Parabacteroides;s__Parabacteroides distasonis	210	4502561	none	none	na	4502351	0	CAKWCW000000000.1	3712	54	none	0	none	none	none	none	none	none	none	none	none	none	none	none	none	none	210	16	46	0		GCA_934837735.1
GB_GCA_943912415.1	0	99.88	1.47	Specific	99.04	0.51	427	o__Bacteroidales (UID2621)	260	0.0	4108371	91.38429364184684	89	2037628	45.32385110420872	4495708	RS_GCF_000012845.1	f	d__Bacteria;p__Bacteroidota;c__Bacteroidia;o__Bacteroidales;f__Tannerellaceae;g__Parabacteroides;s__Parabacteroides distasonis	not type material	none	f	20	20	210897	210897	none	0	none	none	none	0	none	none	none	none	none	none	none	none	50513	50513	f	f	t	78432	78432	Contig	oYJ3fqHatn_bin.10.MAG	na	PRJEB47281	SAMEA110089372	89	78432	none	2022-06-14	GCA_943912415.1	derived from metagenome	full	oYJ3fqHatn_bin.10.MAG	human skin	none	0	none	Parabacteroides distasonis	none	na	none	none	none	none	none	none	2022/06/14	0	823	none	oYJ3fqHatn_bin.10.MAG	NIH/NHGRI	823	d__Bacteria;p__Bacteroidota;c__Bacteroidia;o__Bacteroidales;f__Tannerellaceae;g__Parabacteroides;s__Parabacteroides distasonis	d__Bacteria;x__FCB group;x__Bacteroidota/Chlorobiota group;p__Bacteroidota;c__Bacteroidia;o__Bacteroidales;f__Tannerellaceae;g__Parabacteroides;s__Parabacteroides distasonis	0	4495708	none	none	na	4495708	0	CALTUI000000000.1	3750	89	none	0	none	none	none	none	none	none	none	none	none	none	none	none	none	none	0	19	57	0		GCA_943912415.1
GB_GCA_934838425.1	0	98.93	0.46	Specific	98.18	0.38	427	o__Bacteroidales (UID2621)	260	0.0	4093929	91.50387233043888	100	2018660	45.12131609240363	4474050	RS_GCF_000012845.1	f	d__Bacteria;p__Bacteroidota;c__Bacteroidia;o__Bacteroidales;f__Tannerellaceae;g__Parabacteroides;s__Parabacteroides distasonis	not type material	none	f	21	16	255844	329586	none	0	none	none	none	0	none	none	none	none	none	none	none	none	44738	50270	f	f	t	71779	82348	Scaffold	MTG231_bin.39.fa	na	PRJEB50699	SAMEA13566630	100	71779	none	2022-07-30	GCA_934838425.1	derived from metagenome	full	MTG231_bin.39.fa	human gut	none	0	none	Parabacteroides distasonis	none	na	none	89	16	82348	48225	23419	2022/07/30	11	823	none	MTG231_bin.39.fa	UNIVERSITY OF NEW SOUTH WALES	823	d__Bacteria;p__Bacteroidota;c__Bacteroidia;o__Bacteroidales;f__Tannerellaceae;g__Parabacteroides;s__Parabacteroides distasonis	d__Bacteria;x__FCB group;x__Bacteroidota/Chlorobiota group;p__Bacteroidota;c__Bacteroidia;o__Bacteroidales;f__Tannerellaceae;g__Parabacteroides;s__Parabacteroides distasonis	200	4474050	none	none	na	4473850	0	CAKWES000000000.1	3681	89	none	0	none	none	none	none	none	none	none	none	none	none	none	none	none	none	200	15	39	0		GCA_934838425.1
GB_GCA_958447325.1	0	99.98	0.61	Specific	99.42	0.27	427	o__Bacteroidales (UID2621)	260	50.0	4295796	91.2168020155284	66	2117426	44.9613594836748	4709435	RS_GCF_000012845.1	f	d__Bacteria;p__Bacteroidota;c__Bacteroidia;o__Bacteroidales;f__Tannerellaceae;g__Parabacteroides;s__Parabacteroides distasonis	not type material	none	f	14	14	275428	275428	none	0	none	none	none	0	none	none	none	none	none	none	none	none	71355	71355	f	f	t	118754	118754	Contig	ERR4316497_bin.13_MetaWRAP_v1.3_MAG	na	PRJEB62827	SAMEA114062357	66	118754	none	2023-07-19	GCA_958447325.1	derived from metagenome	full	ERR4316497_bin.13_MetaWRAP_v1.3_MAG	human feces metagenome	none	0	none	Parabacteroides distasonis	none	na	none	none	none	none	none	none	2023/07/19	0	823	none	ERR4316497_bin.13_MetaWRAP_v1.3_MAG	EMG	823	d__Bacteria;p__Bacteroidota;c__Bacteroidia;o__Bacteroidales;f__Tannerellaceae;g__Parabacteroides;s__Parabacteroides distasonis	d__Bacteria;x__FCB group;x__Bacteroidota/Chlorobiota group;p__Bacteroidota;c__Bacteroidia;o__Bacteroidales;f__Tannerellaceae;g__Parabacteroides;s__Parabacteroides distasonis	0	4709435	none	none	na	4709435	0	CAUCZP000000000.1	3889	66	22557	1	none	none	none	none	none	none	1520	CAUCZP010000051.1	1393	2440	0	98.277	DQ793316.1.1393	Bacteria;Bacteroidota;Bacteroidia;Bacteroidales;Tannerellaceae;Parabacteroides;uncultured bacterium	0	18	53	0		GCA_958447325.1
GB_GCA_905196755.1	0	99.97	1.05	Specific	99.42	0.0	427	o__Bacteroidales (UID2621)	260	0.0	4409072	91.2004107157595	52	2172432	44.9361431729985	4834487	RS_GCF_000012845.1	f	d__Bacteria;p__Bacteroidota;c__Bacteroidia;o__Bacteroidales;f__Tannerellaceae;g__Parabacteroides;s__Parabacteroides distasonis	not type material	none	f	12	12	429950	429950	none	0	none	none	none	0	none	none	none	none	none	none	none	none	92970	92970	f	f	t	124733	124733	Contig	SRR413757-mag-bin.13	na	PRJEB37358	SAMEA7848113	52	124733	none	2021-02-04	GCA_905196755.1	derived from metagenome	full	SRR413757-bin.13	human gut	none	0	none	Parabacteroides distasonis	none	na	none	none	none	none	none	none	2021/02/04	0	823	none	SRR413757-bin.13	EMG	823	d__Bacteria;p__Bacteroidota;c__Bacteroidia;o__Bacteroidales;f__Tannerellaceae;g__Parabacteroides;s__Parabacteroides distasonis	d__Bacteria;x__FCB group;x__Bacteroidota/Chlorobiota group;p__Bacteroidota;c__Bacteroidia;o__Bacteroidales;f__Tannerellaceae;g__Parabacteroides;s__Parabacteroides distasonis	0	4834487	none	none	na	4834487	0	CAJJWE000000000.1	4009	52	none	0	none	none	none	none	none	none	none	none	none	none	none	none	none	none	0	18	60	0		GCA_905196755.1
GB_GCA_008680675.1	0	99.99	0.69	Specific	99.42	0.19	427	o__Bacteroidales (UID2621)	260	0.0	4477046	90.2183151978314	6	2241293	45.1649767111379	4962458	RS_GCF_000012845.1	f	d__Bacteria;p__Bacteroidota;c__Bacteroidia;o__Bacteroidales;f__Tannerellaceae;g__Parabacteroides;s__Parabacteroides distasonis	not type material	none	f	2	2	1784049	1784049	992612	9	2869	NAKS01000006.1-#2	711997	8	107	NAKS01000004.1-#2	2799	5035	0	99.107	CDRG01001560.418.3216	Bacteria;Bacteroidota;Bacteroidia;Bacteroidales;Tannerellaceae;Parabacteroides;Parabacteroides distasonis	827076	827076	t	f	f	1062471	1062471	Contig	ASM868067v1	na	PRJNA362284	SAMN06546831	6	1062471	none	2019-09-23	GCA_008680675.1	derived from metagenome	full	LMAG:27	Human feces	none	0	none	Parabacteroides distasonis	none	na	none	none	none	none	none	none	2019/09/23	0	823	none	LMAG:27	The University of Tokyo	823	d__Bacteria;p__Bacteroidota;c__Bacteroidia;o__Bacteroidales;f__Tannerellaceae;g__Parabacteroides;s__Parabacteroides distasonis	d__Bacteria;x__FCB group;x__Bacteroidota/Chlorobiota group;p__Bacteroidota;c__Bacteroidia;o__Bacteroidales;f__Tannerellaceae;g__Parabacteroides;s__Parabacteroides distasonis	0	4962458	none	none	na	4962458	0	NAKS00000000.1	4115	6	1784049	8	none	none	none	none	none	none	1522	NAKS01000002.1	1522	2761	0	99.409	CP022754.4526807.4528346	Bacteria;Bacteroidota;Bacteroidia;Bacteroidales;Tannerellaceae;Parabacteroides;Parabacteroides sp. CT06	0	19	83	0		GCA_008680675.1
GB_GCA_958427815.1	0	98.16	1.94	Specific	98.52	0.09	427	o__Bacteroidales (UID2621)	260	50.0	4216286	91.46964567895984	130	2078837	45.09904779094963	4609492	RS_GCF_000012845.1	f	d__Bacteria;p__Bacteroidota;c__Bacteroidia;o__Bacteroidales;f__Tannerellaceae;g__Parabacteroides;s__Parabacteroides distasonis	not type material	none	f	29	29	179811	179811	none	0	none	none	none	0	none	none	none	none	none	none	none	none	35457	35457	f	f	t	51590	51590	Contig	ERR9762699_bin.64_MetaWRAP_v1.3_MAG	na	PRJEB62824	SAMEA114064404	130	51590	none	2023-07-19	GCA_958427815.1	derived from metagenome	full	ERR9762699_bin.64_MetaWRAP_v1.3_MAG	human feces metagenome	none	0	none	Parabacteroides distasonis	none	na	none	none	none	none	none	none	2023/07/19	0	823	none	ERR9762699_bin.64_MetaWRAP_v1.3_MAG	EMG	823	d__Bacteria;p__Bacteroidota;c__Bacteroidia;o__Bacteroidales;f__Tannerellaceae;g__Parabacteroides;s__Parabacteroides distasonis	d__Bacteria;x__FCB group;x__Bacteroidota/Chlorobiota group;p__Bacteroidota;c__Bacteroidia;o__Bacteroidales;f__Tannerellaceae;g__Parabacteroides;s__Parabacteroides distasonis	0	4609492	none	none	na	4609492	0	CAUADP000000000.1	3844	130	none	0	none	none	none	none	none	none	none	none	none	none	none	none	none	none	0	17	47	0		GCA_958427815.1
GB_GCA_928721495.1	0	95.78	0.79	Specific	95.96	1.92	427	o__Bacteroidales (UID2621)	260	85.71	4274975	90.42819853283356	17	2133925	45.13874199362028	4727480	RS_GCF_000012845.1	f	d__Bacteria;p__Bacteroidota;c__Bacteroidia;o__Bacteroidales;f__Tannerellaceae;g__Parabacteroides;s__Parabacteroides distasonis	not type material	none	f	4	4	770192	770192	770192	6	2870	CAKMUQ010000003.1	770192	6	106	CAKMUQ010000003.1	2870	5251	0	99.686	CDZR01016739.939.3815	Bacteria;Bacteroidota;Bacteroidia;Bacteroidales;Tannerellaceae;Parabacteroides;gut metagenome	278087	278087	t	f	f	496577	496577	Contig	min17_bin22	na	PRJEB50473	SAMEA12751941	17	496577	none	2022-02-02	GCA_928721495.1	derived from metagenome	full	min17_bin22	human gut	none	0	none	Parabacteroides distasonis	none	na	none	none	none	none	none	none	2022/02/02	0	823	none	min17_bin22	Institut National pour la Recherche Agronomique (FRANCE)	823	d__Bacteria;p__Bacteroidota;c__Bacteroidia;o__Bacteroidales;f__Tannerellaceae;g__Parabacteroides;s__Parabacteroides distasonis	d__Bacteria;x__FCB group;x__Bacteroidota/Chlorobiota group;p__Bacteroidota;c__Bacteroidia;o__Bacteroidales;f__Tannerellaceae;g__Parabacteroides;s__Parabacteroides distasonis	0	4727480	none	none	na	4727480	0	CAKMUQ000000000.1	3935	17	770192	6	none	none	none	none	none	none	1522	CAKMUQ010000003.1	1522	2772	0	99.54	CP022754.4692906.4694445	Bacteria;Bacteroidota;Bacteroidia;Bacteroidales;Tannerellaceae;Parabacteroides;Parabacteroides sp. CT06	0	19	77	0		GCA_928721495.1
GB_GCA_958440685.1	0	99.92	0.04	Specific	99.42	0.0	427	o__Bacteroidales (UID2621)	260	0.0	4194744	91.17625195133434	51	2074801	45.09752650576065	4600698	RS_GCF_000012845.1	f	d__Bacteria;p__Bacteroidota;c__Bacteroidia;o__Bacteroidales;f__Tannerellaceae;g__Parabacteroides;s__Parabacteroides distasonis	not type material	none	f	13	13	352650	352650	none	0	none	none	none	0	none	none	none	none	none	none	none	none	90209	90209	f	f	t	139873	139873	Contig	ERR4918969_bin.9_MetaWRAP_v1.3_MAG	na	PRJEB62692	SAMEA114062652	51	139873	none	2023-07-19	GCA_958440685.1	derived from metagenome	full	ERR4918969_bin.9_MetaWRAP_v1.3_MAG	human feces metagenome	none	0	none	Parabacteroides distasonis	none	na	none	none	none	none	none	none	2023/07/19	0	823	none	ERR4918969_bin.9_MetaWRAP_v1.3_MAG	EMG	823	d__Bacteria;p__Bacteroidota;c__Bacteroidia;o__Bacteroidales;f__Tannerellaceae;g__Parabacteroides;s__Parabacteroides distasonis	d__Bacteria;x__FCB group;x__Bacteroidota/Chlorobiota group;p__Bacteroidota;c__Bacteroidia;o__Bacteroidales;f__Tannerellaceae;g__Parabacteroides;s__Parabacteroides distasonis	0	4600698	none	none	na	4600698	0	CAUCAE000000000.1	3801	51	none	0	none	none	none	none	none	none	none	none	none	none	none	none	none	none	0	19	60	0		GCA_958440685.1
GB_GCA_958413795.1	0	100.0	0.77	Specific	99.42	0.0	427	o__Bacteroidales (UID2621)	260	0.0	4534266	91.62647045391442	48	2230648	45.07596225388703	4948642	RS_GCF_000012845.1	f	d__Bacteria;p__Bacteroidota;c__Bacteroidia;o__Bacteroidales;f__Tannerellaceae;g__Parabacteroides;s__Parabacteroides distasonis	not type material	none	f	10	10	356625	356625	203632	1	303	CATYVK010000008.1	203632	1	106	CATYVK010000008.1	303	560	3.03e-158	100	AGZN01000026.1.2521	Bacteria;Bacteroidota;Bacteroidia;Bacteroidales;Tannerellaceae;Parabacteroides;Parabacteroides distasonis CL09T03C24	103096	103096	f	f	t	192556	192556	Contig	ERR9578301_bin.6_MetaWRAP_v1.3_MAG	na	PRJEB62820	SAMEA114063546	48	192556	none	2023-07-19	GCA_958413795.1	derived from metagenome	full	ERR9578301_bin.6_MetaWRAP_v1.3_MAG	human feces metagenome	none	0	none	Parabacteroides distasonis	none	na	none	none	none	none	none	none	2023/07/19	0	823	none	ERR9578301_bin.6_MetaWRAP_v1.3_MAG	EMG	823	d__Bacteria;p__Bacteroidota;c__Bacteroidia;o__Bacteroidales;f__Tannerellaceae;g__Parabacteroides;s__Parabacteroides distasonis	d__Bacteria;x__FCB group;x__Bacteroidota/Chlorobiota group;p__Bacteroidota;c__Bacteroidia;o__Bacteroidales;f__Tannerellaceae;g__Parabacteroides;s__Parabacteroides distasonis	0	4948642	none	none	na	4948642	0	CATYVK000000000.1	4084	48	none	0	none	none	none	none	none	none	none	none	none	none	none	none	none	none	0	18	60	0		GCA_958413795.1
GB_GCA_003539615.1	2	99.94	0.5	Specific	98.46	0.13	427	o__Bacteroidales (UID2621)	260	0.0	4226916	91.12114869684684	90	2096174	45.2504173874975	4638787	RS_GCF_000012845.1	f	d__Bacteria;p__Bacteroidota;c__Bacteroidia;o__Bacteroidales;f__Tannerellaceae;g__Parabacteroides;s__Parabacteroides distasonis	not type material	none	f	20	15	278448	278448	none	0	none	none	none	0	none	none	none	none	none	none	none	none	51470	74819	f	f	t	82439	118761	Scaffold	ASM353961v1	na	PRJNA417962	SAMN08019987	90	82439	none	2018-09-10	GCA_003539615.1	derived from metagenome	full	UBA11508	human gut	none	0	0	Parabacteroides distasonis	none	na	0	62	15	118761	71912	38701	2018/09/10	28	823	0	UBA11508	University of Queensland	823	d__Bacteria;p__Bacteroidota;c__Bacteroidia;o__Bacteroidales;f__Tannerellaceae;g__Parabacteroides;s__Parabacteroides distasonis	d__Bacteria;x__FCB group;x__Bacteroidota/Chlorobiota group;p__Bacteroidota;c__Bacteroidia;o__Bacteroidales;f__Tannerellaceae;g__Parabacteroides;s__Parabacteroides distasonis	6399	4638787	11	62	na	4632388	0	DPOT00000000.1	3797	62	none	0	none	none	none	none	none	none	none	none	none	none	none	none	none	none	6399	19	61	0		GCA_003539615.1
GB_GCA_934883325.1	0	98.44	0.6	Specific	97.69	0.58	427	o__Bacteroidales (UID2621)	260	0.0	4060344	91.50532894505548	57	2004939	45.18456484362623	4437276	RS_GCF_000012845.1	f	d__Bacteria;p__Bacteroidota;c__Bacteroidia;o__Bacteroidales;f__Tannerellaceae;g__Parabacteroides;s__Parabacteroides distasonis	not type material	none	f	12	12	315936	315936	none	0	none	none	none	0	none	none	none	none	none	none	none	none	77845	80677	f	f	t	119502	119502	Scaffold	MTG245_bin.36.fa	na	PRJEB50699	SAMEA13567414	57	119502	none	2022-07-30	GCA_934883325.1	derived from metagenome	full	MTG245_bin.36.fa	human gut	none	0	none	Parabacteroides distasonis	none	na	none	55	12	119502	72763	39687	2022/07/30	2	823	none	MTG245_bin.36.fa	UNIVERSITY OF NEW SOUTH WALES	823	d__Bacteria;p__Bacteroidota;c__Bacteroidia;o__Bacteroidales;f__Tannerellaceae;g__Parabacteroides;s__Parabacteroides distasonis	d__Bacteria;x__FCB group;x__Bacteroidota/Chlorobiota group;p__Bacteroidota;c__Bacteroidia;o__Bacteroidales;f__Tannerellaceae;g__Parabacteroides;s__Parabacteroides distasonis	55	4437276	none	none	na	4437221	0	CAKXXL000000000.1	3636	55	none	0	none	none	none	none	none	none	none	none	none	none	none	none	none	none	55	17	44	0		GCA_934883325.1
GB_GCA_959028115.1	0	99.98	0.51	Specific	99.42	0.13	427	o__Bacteroidales (UID2621)	260	0.0	4306905	91.44876770757492	54	2122468	45.06648813910712	4709637	RS_GCF_000012845.1	f	d__Bacteria;p__Bacteroidota;c__Bacteroidia;o__Bacteroidales;f__Tannerellaceae;g__Parabacteroides;s__Parabacteroides distasonis	not type material	none	f	12	12	389966	389966	none	0	none	none	none	0	none	none	none	none	none	none	none	none	87215	87215	f	f	t	134931	134931	Contig	ERR10149225_bin.6_MetaWRAP_v1.3_MAG	na	PRJEB63310	SAMEA114096085	54	134931	none	2023-07-21	GCA_959028115.1	derived from metagenome	full	ERR10149225_bin.6_MetaWRAP_v1.3_MAG	human feces metagenome	none	0	none	Parabacteroides distasonis	none	na	none	none	none	none	none	none	2023/07/21	0	823	none	ERR10149225_bin.6_MetaWRAP_v1.3_MAG	EMG	823	d__Bacteria;p__Bacteroidota;c__Bacteroidia;o__Bacteroidales;f__Tannerellaceae;g__Parabacteroides;s__Parabacteroides distasonis	d__Bacteria;x__FCB group;x__Bacteroidota/Chlorobiota group;p__Bacteroidota;c__Bacteroidia;o__Bacteroidales;f__Tannerellaceae;g__Parabacteroides;s__Parabacteroides distasonis	0	4709637	none	none	na	4709637	0	CAUFQX000000000.1	3920	54	none	0	none	none	none	none	none	none	none	none	none	none	none	none	none	none	0	18	52	0		GCA_959028115.1
GB_GCA_958416885.1	0	99.98	1.32	Specific	99.42	0.0	427	o__Bacteroidales (UID2621)	260	0.0	4294833	91.30065443537544	58	2117642	45.01737330877296	4704055	RS_GCF_000012845.1	f	d__Bacteria;p__Bacteroidota;c__Bacteroidia;o__Bacteroidales;f__Tannerellaceae;g__Parabacteroides;s__Parabacteroides distasonis	not type material	none	f	14	14	259456	259456	none	0	none	none	none	0	none	none	none	none	none	none	none	none	81104	81104	f	f	t	118611	118611	Contig	ERR9354025_bin.52_MetaWRAP_v1.3_MAG	na	PRJEB62838	SAMEA114061150	58	118611	none	2023-07-19	GCA_958416885.1	derived from metagenome	full	ERR9354025_bin.52_MetaWRAP_v1.3_MAG	human feces metagenome	none	0	none	Parabacteroides distasonis	none	na	none	none	none	none	none	none	2023/07/19	0	823	none	ERR9354025_bin.52_MetaWRAP_v1.3_MAG	EMG	823	d__Bacteria;p__Bacteroidota;c__Bacteroidia;o__Bacteroidales;f__Tannerellaceae;g__Parabacteroides;s__Parabacteroides distasonis	d__Bacteria;x__FCB group;x__Bacteroidota/Chlorobiota group;p__Bacteroidota;c__Bacteroidia;o__Bacteroidales;f__Tannerellaceae;g__Parabacteroides;s__Parabacteroides distasonis	0	4704055	none	none	na	4704055	0	CATZCB000000000.1	3878	58	none	0	none	none	none	none	none	none	none	none	none	none	none	none	none	none	0	18	58	0		GCA_958416885.1
GB_GCA_938033965.1	0	99.92	1.35	Specific	99.42	0.0	427	o__Bacteroidales (UID2621)	260	0.0	4475967	91.73516624662062	42	2197600	45.03992128261301	4879227	RS_GCF_000012845.1	f	d__Bacteria;p__Bacteroidota;c__Bacteroidia;o__Bacteroidales;f__Tannerellaceae;g__Parabacteroides;s__Parabacteroides distasonis	not type material	none	f	6	6	705996	705996	none	0	none	none	none	0	none	none	none	none	none	none	none	none	116172	116172	f	f	t	233223	233223	Contig	ERR1430420_bin.83_CONCOCT_v1.1_MAG	na	PRJEB51075	SAMEA14083470	42	233223	none	2023-01-12	GCA_938033965.1	derived from metagenome	full	ERR1430420_bin.83_CONCOCT_v1.1_MAG	human gut metagenome	none	0	none	Parabacteroides distasonis	none	na	none	none	none	none	none	none	2023/01/12	0	823	none	ERR1430420_bin.83_CONCOCT_v1.1_MAG	European Bioinformatics Institute	823	d__Bacteria;p__Bacteroidota;c__Bacteroidia;o__Bacteroidales;f__Tannerellaceae;g__Parabacteroides;s__Parabacteroides distasonis	d__Bacteria;x__FCB group;x__Bacteroidota/Chlorobiota group;p__Bacteroidota;c__Bacteroidia;o__Bacteroidales;f__Tannerellaceae;g__Parabacteroides;s__Parabacteroides distasonis	0	4879227	none	none	na	4879227	0	CALHKM000000000.1	3993	42	none	0	none	none	none	none	none	none	none	none	none	none	none	none	none	none	0	19	57	0		GCA_938033965.1
GB_GCA_934834945.1	0	99.51	0.53	Specific	98.65	0.58	427	o__Bacteroidales (UID2621)	260	0.0	4127541	91.50157751364696	61	2035019	45.114609991717614	4510896	RS_GCF_000012845.1	f	d__Bacteria;p__Bacteroidota;c__Bacteroidia;o__Bacteroidales;f__Tannerellaceae;g__Parabacteroides;s__Parabacteroides distasonis	not type material	none	f	11	11	358172	358172	none	0	none	none	none	0	none	none	none	none	none	none	none	none	73947	77774	f	f	t	119618	119618	Scaffold	MTG227_bin.29.fa	na	PRJEB50699	SAMEA13566406	61	119618	none	2022-07-30	GCA_934834945.1	derived from metagenome	full	MTG227_bin.29.fa	human gut	none	0	none	Parabacteroides distasonis	none	na	none	58	11	119618	71566	39687	2022/07/30	3	823	none	MTG227_bin.29.fa	UNIVERSITY OF NEW SOUTH WALES	823	d__Bacteria;p__Bacteroidota;c__Bacteroidia;o__Bacteroidales;f__Tannerellaceae;g__Parabacteroides;s__Parabacteroides distasonis	d__Bacteria;x__FCB group;x__Bacteroidota/Chlorobiota group;p__Bacteroidota;c__Bacteroidia;o__Bacteroidales;f__Tannerellaceae;g__Parabacteroides;s__Parabacteroides distasonis	120	4510896	none	none	na	4510776	0	CAKVXI000000000.1	3706	58	none	0	none	none	none	none	none	none	none	none	none	none	none	none	none	none	120	16	46	0		GCA_934834945.1
GB_GCA_934835845.1	0	99.06	0.56	Specific	97.5	0.58	427	o__Bacteroidales (UID2621)	260	0.0	4098498	91.52774474499624	72	2021269	45.140695833516645	4477875	RS_GCF_000012845.1	f	d__Bacteria;p__Bacteroidota;c__Bacteroidia;o__Bacteroidales;f__Tannerellaceae;g__Parabacteroides;s__Parabacteroides distasonis	not type material	none	f	17	16	323171	323171	none	0	none	none	none	0	none	none	none	none	none	none	none	none	62190	63969	f	f	t	98330	101123	Scaffold	MTG229_bin.44.fa	na	PRJEB50699	SAMEA13566519	72	98330	none	2022-07-30	GCA_934835845.1	derived from metagenome	full	MTG229_bin.44.fa	human gut	none	0	none	Parabacteroides distasonis	none	na	none	70	16	101123	64405	39687	2022/07/30	2	823	none	MTG229_bin.44.fa	UNIVERSITY OF NEW SOUTH WALES	823	d__Bacteria;p__Bacteroidota;c__Bacteroidia;o__Bacteroidales;f__Tannerellaceae;g__Parabacteroides;s__Parabacteroides distasonis	d__Bacteria;x__FCB group;x__Bacteroidota/Chlorobiota group;p__Bacteroidota;c__Bacteroidia;o__Bacteroidales;f__Tannerellaceae;g__Parabacteroides;s__Parabacteroides distasonis	166	4477875	none	none	na	4477709	0	CAKWAC000000000.1	3683	70	none	0	none	none	none	none	none	none	none	none	none	none	none	none	none	none	166	16	40	0		GCA_934835845.1
GB_GCA_958404515.1	0	99.99	0.93	Specific	99.42	0.0	427	o__Bacteroidales (UID2621)	260	0.0	4644849	91.06654249583374	61	2290864	44.91449857857073	5100500	RS_GCF_000012845.1	f	d__Bacteria;p__Bacteroidota;c__Bacteroidia;o__Bacteroidales;f__Tannerellaceae;g__Parabacteroides;s__Parabacteroides distasonis	not type material	none	f	12	12	442001	442001	none	0	none	none	none	0	none	none	none	none	none	none	none	none	83614	83614	f	f	t	125330	125330	Contig	ERR9492504_bin.8_MetaWRAP_v1.3_MAG	na	PRJEB62821	SAMEA114063890	61	125330	none	2023-07-19	GCA_958404515.1	derived from metagenome	full	ERR9492504_bin.8_MetaWRAP_v1.3_MAG	human feces metagenome	none	0	none	Parabacteroides distasonis	none	na	none	none	none	none	none	none	2023/07/19	0	823	none	ERR9492504_bin.8_MetaWRAP_v1.3_MAG	EMG	823	d__Bacteria;p__Bacteroidota;c__Bacteroidia;o__Bacteroidales;f__Tannerellaceae;g__Parabacteroides;s__Parabacteroides distasonis	d__Bacteria;x__FCB group;x__Bacteroidota/Chlorobiota group;p__Bacteroidota;c__Bacteroidia;o__Bacteroidales;f__Tannerellaceae;g__Parabacteroides;s__Parabacteroides distasonis	0	5100500	none	none	na	5100500	0	CATYBK000000000.1	4209	61	none	0	none	none	none	none	none	none	none	none	none	none	none	none	none	none	0	19	56	0		GCA_958404515.1
GB_GCA_958432605.1	0	99.93	0.87	Specific	99.04	0.0	427	o__Bacteroidales (UID2621)	260	0.0	4067075	91.30896975656628	73	2015315	45.2453757024285	4454190	RS_GCF_000012845.1	f	d__Bacteria;p__Bacteroidota;c__Bacteroidia;o__Bacteroidales;f__Tannerellaceae;g__Parabacteroides;s__Parabacteroides distasonis	not type material	none	f	16	16	285607	285607	none	0	none	none	none	0	none	none	none	none	none	none	none	none	61016	61016	f	f	t	93799	93799	Contig	SRR22541667_bin.32_MetaWRAP_v1.3_MAG	na	PRJEB63158	SAMEA114065207	73	93799	none	2023-07-19	GCA_958432605.1	derived from metagenome	full	SRR22541667_bin.32_MetaWRAP_v1.3_MAG	human feces metagenome	none	0	none	Parabacteroides distasonis	none	na	none	none	none	none	none	none	2023/07/19	0	823	none	SRR22541667_bin.32_MetaWRAP_v1.3_MAG	EMG	823	d__Bacteria;p__Bacteroidota;c__Bacteroidia;o__Bacteroidales;f__Tannerellaceae;g__Parabacteroides;s__Parabacteroides distasonis	d__Bacteria;x__FCB group;x__Bacteroidota/Chlorobiota group;p__Bacteroidota;c__Bacteroidia;o__Bacteroidales;f__Tannerellaceae;g__Parabacteroides;s__Parabacteroides distasonis	0	4454190	none	none	na	4454190	0	CAUAVI000000000.1	3715	73	none	0	none	none	none	none	none	none	none	none	none	none	none	none	none	none	0	19	62	0		GCA_958432605.1
GB_GCA_003526535.1	2	99.58	0.59	Specific	97.38	0.0	427	o__Bacteroidales (UID2621)	260	0.0	4203312	90.97244992503931	92	2075942	45.02043000049229	4620423	RS_GCF_000012845.1	f	d__Bacteria;p__Bacteroidota;c__Bacteroidia;o__Bacteroidales;f__Tannerellaceae;g__Parabacteroides;s__Parabacteroides distasonis	not type material	none	f	18	12	262248	281349	none	0	none	none	none	0	none	none	none	none	none	none	none	none	50120	94294	f	f	t	87238	139153	Scaffold	ASM352653v1	na	PRJNA417962	SAMN08020168	92	87238	none	2018-09-10	GCA_003526535.1	derived from metagenome	full	UBA9112	human gut	none	0	0	Parabacteroides distasonis	none	na	0	49	12	139153	84209	42728	2018/09/10	43	823	0	UBA9112	University of Queensland	823	d__Bacteria;p__Bacteroidota;c__Bacteroidia;o__Bacteroidales;f__Tannerellaceae;g__Parabacteroides;s__Parabacteroides distasonis	d__Bacteria;x__FCB group;x__Bacteroidota/Chlorobiota group;p__Bacteroidota;c__Bacteroidia;o__Bacteroidales;f__Tannerellaceae;g__Parabacteroides;s__Parabacteroides distasonis	9310	4620423	11	54	na	4611113	0	DPVR00000000.1	3791	49	none	0	none	none	none	none	none	none	none	none	none	none	none	none	none	none	9310	17	53	0		GCA_003526535.1
GB_GCA_003534485.1	0	99.95	2.3	Specific	97.5	0.22	427	o__Bacteroidales (UID2621)	260	88.89	4177766	91.13921454888472	86	2065647	45.11360809580396	4583939	RS_GCF_000012845.1	f	d__Bacteria;p__Bacteroidota;c__Bacteroidia;o__Bacteroidales;f__Tannerellaceae;g__Parabacteroides;s__Parabacteroides distasonis	not type material	none	f	17	14	278454	278454	none	0	none	none	none	0	none	none	none	none	none	none	none	none	53241	73934	f	f	t	102137	124197	Scaffold	ASM353448v1	na	PRJNA417962	SAMN08019586	86	102137	none	2018-09-10	GCA_003534485.1	derived from metagenome	full	UBA11450	human gut	none	0	0	Parabacteroides distasonis	none	na	0	62	14	124197	78008	37559	2018/09/10	24	823	0	UBA11450	University of Queensland	823	d__Bacteria;p__Bacteroidota;c__Bacteroidia;o__Bacteroidales;f__Tannerellaceae;g__Parabacteroides;s__Parabacteroides distasonis	d__Bacteria;x__FCB group;x__Bacteroidota/Chlorobiota group;p__Bacteroidota;c__Bacteroidia;o__Bacteroidales;f__Tannerellaceae;g__Parabacteroides;s__Parabacteroides distasonis	5172	4583939	11	61	na	4578767	0	DPDI00000000.1	3756	62	none	0	none	none	none	none	none	none	none	none	none	none	none	none	none	none	5172	19	61	0		GCA_003534485.1
GB_GCA_934838245.1	0	99.52	0.33	Specific	98.46	0.58	427	o__Bacteroidales (UID2621)	260	0.0	4123408	91.46563446202988	59	2033300	45.10495948251193	4508150	RS_GCF_000012845.1	f	d__Bacteria;p__Bacteroidota;c__Bacteroidia;o__Bacteroidales;f__Tannerellaceae;g__Parabacteroides;s__Parabacteroides distasonis	not type material	none	f	9	9	403808	403808	none	0	none	none	none	0	none	none	none	none	none	none	none	none	76405	81966	f	f	t	147088	157353	Scaffold	MTG225_bin.28.fa	na	PRJEB50699	SAMEA13566315	59	147088	none	2022-07-30	GCA_934838245.1	derived from metagenome	full	MTG225_bin.28.fa	human gut	none	0	none	Parabacteroides distasonis	none	na	none	55	9	157353	69661	39535	2022/07/30	4	823	none	MTG225_bin.28.fa	UNIVERSITY OF NEW SOUTH WALES	823	d__Bacteria;p__Bacteroidota;c__Bacteroidia;o__Bacteroidales;f__Tannerellaceae;g__Parabacteroides;s__Parabacteroides distasonis	d__Bacteria;x__FCB group;x__Bacteroidota/Chlorobiota group;p__Bacteroidota;c__Bacteroidia;o__Bacteroidales;f__Tannerellaceae;g__Parabacteroides;s__Parabacteroides distasonis	220	4508150	none	none	na	4507930	0	CAKWEG000000000.1	3712	55	none	0	none	none	none	none	none	none	none	none	none	none	none	none	none	none	220	16	42	0		GCA_934838245.1
GB_GCA_958435695.1	0	99.97	1.06	Specific	99.42	0.38	427	o__Bacteroidales (UID2621)	260	0.0	4242583	91.52786739818492	71	2083579	44.95033860873029	4635291	RS_GCF_000012845.1	f	d__Bacteria;p__Bacteroidota;c__Bacteroidia;o__Bacteroidales;f__Tannerellaceae;g__Parabacteroides;s__Parabacteroides distasonis	not type material	none	f	16	16	229975	229975	none	0	none	none	none	0	none	none	none	none	none	none	none	none	65285	65285	f	f	t	106588	106588	Contig	SRR18940298_bin.11_MetaWRAP_v1.3_MAG	na	PRJEB63152	SAMEA114064805	71	106588	none	2023-07-19	GCA_958435695.1	derived from metagenome	full	SRR18940298_bin.11_MetaWRAP_v1.3_MAG	human feces metagenome	none	0	none	Parabacteroides distasonis	none	na	none	none	none	none	none	none	2023/07/19	0	823	none	SRR18940298_bin.11_MetaWRAP_v1.3_MAG	EMG	823	d__Bacteria;p__Bacteroidota;c__Bacteroidia;o__Bacteroidales;f__Tannerellaceae;g__Parabacteroides;s__Parabacteroides distasonis	d__Bacteria;x__FCB group;x__Bacteroidota/Chlorobiota group;p__Bacteroidota;c__Bacteroidia;o__Bacteroidales;f__Tannerellaceae;g__Parabacteroides;s__Parabacteroides distasonis	0	4635291	none	none	na	4635291	0	CAUBHL000000000.1	3831	71	none	0	none	none	none	none	none	none	none	none	none	none	none	none	none	none	0	18	55	0		GCA_958435695.1
GB_GCA_959600655.1	0	99.89	0.04	Specific	99.42	0.0	427	o__Bacteroidales (UID2621)	260	0.0	4153244	91.23867958827478	47	2053574	45.11302013481793	4552065	RS_GCF_000012845.1	f	d__Bacteria;p__Bacteroidota;c__Bacteroidia;o__Bacteroidales;f__Tannerellaceae;g__Parabacteroides;s__Parabacteroides distasonis	not type material	none	f	10	10	607261	607261	none	0	none	none	none	0	none	none	none	none	none	none	none	none	96852	96852	f	f	t	147747	147747	Contig	SRR16280015_bin.44_MetaWRAP_v1.3_MAG	na	PRJEB63522	SAMEA114122292	47	147747	none	2023-07-23	GCA_959600655.1	derived from metagenome	full	SRR16280015_bin.44_MetaWRAP_v1.3_MAG	human feces metagenome	none	0	none	Parabacteroides distasonis	none	na	none	none	none	none	none	none	2023/07/23	0	823	none	SRR16280015_bin.44_MetaWRAP_v1.3_MAG	EMG	823	d__Bacteria;p__Bacteroidota;c__Bacteroidia;o__Bacteroidales;f__Tannerellaceae;g__Parabacteroides;s__Parabacteroides distasonis	d__Bacteria;x__FCB group;x__Bacteroidota/Chlorobiota group;p__Bacteroidota;c__Bacteroidia;o__Bacteroidales;f__Tannerellaceae;g__Parabacteroides;s__Parabacteroides distasonis	0	4552065	none	none	na	4552065	0	CAUGMZ000000000.1	3751	47	none	0	none	none	none	none	none	none	none	none	none	none	none	none	none	none	0	19	51	0		GCA_959600655.1
GB_GCA_934871785.1	0	99.78	0.54	Specific	99.27	0.58	427	o__Bacteroidales (UID2621)	260	0.0	4210882	91.17940651824354	101	2077207	44.98182174897967	4618238	RS_GCF_000012845.1	f	d__Bacteria;p__Bacteroidota;c__Bacteroidia;o__Bacteroidales;f__Tannerellaceae;g__Parabacteroides;s__Parabacteroides distasonis	not type material	none	f	11	10	404449	404449	158291	1	286	CAKXBS010000009.1	158291	2	106	CAKXBS010000009.1	286	529	8.03e-149	100	MA143376.4285104.4287980	Bacteria;Bacteroidota;Bacteroidia;Bacteroidales;Tannerellaceae;Parabacteroides;Parabacteroides distasonis	45721	55641	f	f	t	131868	154827	Scaffold	MTG243_bin.29.fa	na	PRJEB50699	SAMEA13567277	101	131868	none	2022-07-30	GCA_934871785.1	derived from metagenome	full	MTG243_bin.29.fa	human gut	none	0	none	Parabacteroides distasonis	none	na	none	83	10	154827	74505	63881	2022/07/30	18	823	none	MTG243_bin.29.fa	UNIVERSITY OF NEW SOUTH WALES	823	d__Bacteria;p__Bacteroidota;c__Bacteroidia;o__Bacteroidales;f__Tannerellaceae;g__Parabacteroides;s__Parabacteroides distasonis	d__Bacteria;x__FCB group;x__Bacteroidota/Chlorobiota group;p__Bacteroidota;c__Bacteroidia;o__Bacteroidales;f__Tannerellaceae;g__Parabacteroides;s__Parabacteroides distasonis	357	4618238	none	none	na	4617881	0	CAKXBS000000000.1	3841	83	240325	1	none	none	none	none	none	none	732	CAKXBS010000004.1	696	1264	0	99.425	FJ879941.1.1485	Bacteria;Bacteroidota;Bacteroidia;Bacteroidales;Tannerellaceae;Parabacteroides;uncultured bacterium	357	19	62	0		GCA_934871785.1
GB_GCA_934839725.1	0	98.6	0.55	Specific	97.12	0.58	427	o__Bacteroidales (UID2621)	260	0.0	4109266	91.50026675644646	58	2023423	45.0563899896412	4490988	RS_GCF_000012845.1	f	d__Bacteria;p__Bacteroidota;c__Bacteroidia;o__Bacteroidales;f__Tannerellaceae;g__Parabacteroides;s__Parabacteroides distasonis	not type material	none	f	11	10	315936	403597	none	0	none	none	none	0	none	none	none	none	none	none	none	none	77428	81654	f	f	t	125629	125629	Scaffold	MTG222_bin.31.fa	na	PRJEB50699	SAMEA13566159	58	125629	none	2022-07-30	GCA_934839725.1	derived from metagenome	full	MTG222_bin.31.fa	human gut	none	0	none	Parabacteroides distasonis	none	na	none	55	10	125629	71566	45131	2022/07/30	3	823	none	MTG222_bin.31.fa	UNIVERSITY OF NEW SOUTH WALES	823	d__Bacteria;p__Bacteroidota;c__Bacteroidia;o__Bacteroidales;f__Tannerellaceae;g__Parabacteroides;s__Parabacteroides distasonis	d__Bacteria;x__FCB group;x__Bacteroidota/Chlorobiota group;p__Bacteroidota;c__Bacteroidia;o__Bacteroidales;f__Tannerellaceae;g__Parabacteroides;s__Parabacteroides distasonis	120	4490988	none	none	na	4490868	0	CAKWJK000000000.1	3704	55	none	0	none	none	none	none	none	none	none	none	none	none	none	none	none	none	120	17	48	0		GCA_934839725.1
GB_GCA_003503335.1	2	99.95	0.97	Specific	98.08	0.0	427	o__Bacteroidales (UID2621)	260	0.0	4336086	91.03717333503536	80	2140485	45.00120466577778	4762984	RS_GCF_000012845.1	f	d__Bacteria;p__Bacteroidota;c__Bacteroidia;o__Bacteroidales;f__Tannerellaceae;g__Parabacteroides;s__Parabacteroides distasonis	not type material	none	f	16	11	362379	362379	none	0	none	none	none	0	none	none	none	none	none	none	none	none	59456	97203	f	f	t	92825	149840	Scaffold	ASM350333v1	na	PRJNA417962	SAMN08019001	80	92825	none	2018-09-07	GCA_003503335.1	derived from metagenome	full	UBA11768	human gut	none	0	0	Parabacteroides distasonis	none	na	0	49	11	149840	87046	42276	2018/09/07	31	823	0	UBA11768	University of Queensland	823	d__Bacteria;p__Bacteroidota;c__Bacteroidia;o__Bacteroidales;f__Tannerellaceae;g__Parabacteroides;s__Parabacteroides distasonis	d__Bacteria;x__FCB group;x__Bacteroidota/Chlorobiota group;p__Bacteroidota;c__Bacteroidia;o__Bacteroidales;f__Tannerellaceae;g__Parabacteroides;s__Parabacteroides distasonis	6476	4762984	11	63	na	4756508	0	DOCU00000000.1	3904	49	none	0	none	none	none	none	none	none	none	none	none	none	none	none	none	none	6476	19	61	0		GCA_003503335.1
GB_GCA_934826265.1	0	96.63	0.27	Specific	98.34	0.9	427	o__Bacteroidales (UID2621)	260	20.0	4094760	91.5151847005356	81	2018491	45.11264802479028	4474405	RS_GCF_000012845.1	f	d__Bacteria;p__Bacteroidota;c__Bacteroidia;o__Bacteroidales;f__Tannerellaceae;g__Parabacteroides;s__Parabacteroides distasonis	not type material	none	f	16	16	305389	305389	none	0	none	none	none	0	none	none	none	none	none	none	none	none	55238	60464	f	f	t	86018	95153	Scaffold	MTG220_bin.19.fa	na	PRJEB50699	SAMEA13566045	81	86018	none	2022-07-30	GCA_934826265.1	derived from metagenome	full	MTG220_bin.19.fa	human gut	none	0	none	Parabacteroides distasonis	none	na	none	74	16	95153	56941	33794	2022/07/30	7	823	none	MTG220_bin.19.fa	UNIVERSITY OF NEW SOUTH WALES	823	d__Bacteria;p__Bacteroidota;c__Bacteroidia;o__Bacteroidales;f__Tannerellaceae;g__Parabacteroides;s__Parabacteroides distasonis	d__Bacteria;x__FCB group;x__Bacteroidota/Chlorobiota group;p__Bacteroidota;c__Bacteroidia;o__Bacteroidales;f__Tannerellaceae;g__Parabacteroides;s__Parabacteroides distasonis	70	4474405	none	none	na	4474335	0	CAKVQK000000000.1	3702	74	none	0	none	none	none	none	none	none	none	none	none	none	none	none	none	none	70	17	38	0		GCA_934826265.1
GB_GCA_958445425.1	0	99.67	1.86	Specific	98.62	0.25	427	o__Bacteroidales (UID2621)	260	41.67	4227393	91.3694679276945	91	2093941	45.25774514978488	4626702	RS_GCF_000012845.1	f	d__Bacteria;p__Bacteroidota;c__Bacteroidia;o__Bacteroidales;f__Tannerellaceae;g__Parabacteroides;s__Parabacteroides distasonis	not type material	none	f	11	11	425312	425312	none	0	none	none	none	0	none	none	none	none	none	none	none	none	50842	50842	f	f	t	116390	116390	Contig	ERR9610044_bin.23_MetaWRAP_v1.3_MAG	na	PRJEB62825	SAMEA114061916	91	116390	none	2023-07-19	GCA_958445425.1	derived from metagenome	full	ERR9610044_bin.23_MetaWRAP_v1.3_MAG	human feces metagenome	none	0	none	Parabacteroides distasonis	none	na	none	none	none	none	none	none	2023/07/19	0	823	none	ERR9610044_bin.23_MetaWRAP_v1.3_MAG	EMG	823	d__Bacteria;p__Bacteroidota;c__Bacteroidia;o__Bacteroidales;f__Tannerellaceae;g__Parabacteroides;s__Parabacteroides distasonis	d__Bacteria;x__FCB group;x__Bacteroidota/Chlorobiota group;p__Bacteroidota;c__Bacteroidia;o__Bacteroidales;f__Tannerellaceae;g__Parabacteroides;s__Parabacteroides distasonis	0	4626702	none	none	na	4626702	0	CAUCSL000000000.1	3888	91	none	0	none	none	none	none	none	none	none	none	none	none	none	none	none	none	0	19	56	0		GCA_958445425.1
GB_GCA_959023275.1	0	99.99	0.73	Specific	99.42	0.13	427	o__Bacteroidales (UID2621)	260	0.0	4414846	91.35088986940195	54	2172456	44.95191651127162	4832844	RS_GCF_000012845.1	f	d__Bacteria;p__Bacteroidota;c__Bacteroidia;o__Bacteroidales;f__Tannerellaceae;g__Parabacteroides;s__Parabacteroides distasonis	not type material	none	f	13	13	350549	350549	none	0	none	none	none	0	none	none	none	none	none	none	none	none	89497	89497	f	f	t	139266	139266	Contig	DRR221348_bin.3_MetaWRAP_v1.3_MAG	na	PRJEB63337	SAMEA114096353	54	139266	none	2023-07-21	GCA_959023275.1	derived from metagenome	full	DRR221348_bin.3_MetaWRAP_v1.3_MAG	human feces metagenome	none	0	none	Parabacteroides distasonis	none	na	none	none	none	none	none	none	2023/07/21	0	823	none	DRR221348_bin.3_MetaWRAP_v1.3_MAG	EMG	823	d__Bacteria;p__Bacteroidota;c__Bacteroidia;o__Bacteroidales;f__Tannerellaceae;g__Parabacteroides;s__Parabacteroides distasonis	d__Bacteria;x__FCB group;x__Bacteroidota/Chlorobiota group;p__Bacteroidota;c__Bacteroidia;o__Bacteroidales;f__Tannerellaceae;g__Parabacteroides;s__Parabacteroides distasonis	0	4832844	none	none	na	4832844	0	CAUFBL000000000.1	4015	54	none	0	none	none	none	none	none	none	none	none	none	none	none	none	none	none	0	19	61	0		GCA_959023275.1
GB_GCA_008679655.1	0	97.25	0.52	Specific	97.79	0.71	427	o__Bacteroidales (UID2621)	260	0.0	4539273	90.121409406926	11	2268231	45.03280031416511	5036842	RS_GCF_000012845.1	f	d__Bacteria;p__Bacteroidota;c__Bacteroidia;o__Bacteroidales;f__Tannerellaceae;g__Parabacteroides;s__Parabacteroides distasonis	not type material	none	f	3	3	1272534	1272534	1189640	7	2869	NAMT01000002.1-#3	1189640	7	106	NAMT01000002.1	2871	5094	0	98.711	CP022754.4689619.4692495	Bacteria;Bacteroidota;Bacteroidia;Bacteroidales;Tannerellaceae;Parabacteroides;Parabacteroides sp. CT06	457894	457894	t	f	f	793300	793300	Contig	ASM867965v1	na	PRJNA362284	SAMN06546884	11	793300	none	2019-09-23	GCA_008679655.1	derived from metagenome	full	LMAG:80	Human feces	none	0	none	Parabacteroides distasonis	none	na	none	none	none	none	none	none	2019/09/23	0	823	none	LMAG:80	The University of Tokyo	823	d__Bacteria;p__Bacteroidota;c__Bacteroidia;o__Bacteroidales;f__Tannerellaceae;g__Parabacteroides;s__Parabacteroides distasonis	d__Bacteria;x__FCB group;x__Bacteroidota/Chlorobiota group;p__Bacteroidota;c__Bacteroidia;o__Bacteroidales;f__Tannerellaceae;g__Parabacteroides;s__Parabacteroides distasonis	0	5036842	none	none	na	5036842	0	NAMT00000000.1	4193	11	793300	7	none	none	none	none	none	none	1522	NAMT01000011.1	1522	2706	0	98.752	CP022754.710842.712381	Bacteria;Bacteroidota;Bacteroidia;Bacteroidales;Tannerellaceae;Parabacteroides;Parabacteroides sp. CT06	0	19	83	0		GCA_008679655.1
GB_GCA_934876615.1	0	93.79	0.65	Specific	97.56	0.58	427	o__Bacteroidales (UID2621)	260	0.0	4037212	91.45758104342704	55	1995735	45.211877260186085	4414300	RS_GCF_000012845.1	f	d__Bacteria;p__Bacteroidota;c__Bacteroidia;o__Bacteroidales;f__Tannerellaceae;g__Parabacteroides;s__Parabacteroides distasonis	not type material	none	f	11	11	376785	376785	none	0	none	none	none	0	none	none	none	none	none	none	none	none	80257	83288	f	f	t	119615	119615	Scaffold	MTG242_bin.15.fa	na	PRJEB50699	SAMEA13567222	55	119615	none	2022-07-30	GCA_934876615.1	derived from metagenome	full	MTG242_bin.15.fa	human gut	none	0	none	Parabacteroides distasonis	none	na	none	53	11	119615	68853	45131	2022/07/30	2	823	none	MTG242_bin.15.fa	UNIVERSITY OF NEW SOUTH WALES	823	d__Bacteria;p__Bacteroidota;c__Bacteroidia;o__Bacteroidales;f__Tannerellaceae;g__Parabacteroides;s__Parabacteroides distasonis	d__Bacteria;x__FCB group;x__Bacteroidota/Chlorobiota group;p__Bacteroidota;c__Bacteroidia;o__Bacteroidales;f__Tannerellaceae;g__Parabacteroides;s__Parabacteroides distasonis	117	4414300	none	none	na	4414183	0	CAKXLZ000000000.1	3615	53	none	0	none	none	none	none	none	none	none	none	none	none	none	none	none	none	117	15	43	0		GCA_934876615.1
RS_GCF_934725195.1	0	92.44	0.75	Specific	94.81	0.71	427	o__Bacteroidales (UID2621)	260	0.0	4129116	91.13650138367323	34	2045037	45.13738954782645	4530694	RS_GCF_000012845.1	f	d__Bacteria;p__Bacteroidota;c__Bacteroidia;o__Bacteroidales;f__Tannerellaceae;g__Parabacteroides;s__Parabacteroides distasonis	not type material	none	f	6	6	655863	655863	none	0	none	none	none	0	none	none	none	none	none	none	none	none	133255	133255	f	f	t	265534	265534	Contig	ERR7738550_bin.292	na	PRJNA224116	SAMEA13486357	34	265534	none	2022-04-16	GCA_934725195.1	derived from metagenome	full	REFINED_METABAT215_TOP10_CONTIGS_1500_ASSEMBLY_K77_MERGED__Hadza_MoBio_hadza-E-H_B_9_1942.292	human feces	none	0	0	uncultured Parabacteroides sp.	none	na	1	none	none	none	none	none	2022/04/16	0	512312	1	REFINED_METABAT215_TOP10_CONTIGS_1500_ASSEMBLY_K77_MERGED__Hadza_MoBio_hadza-E-H_B_9_1942.292	stanford university school of medicine	512312	d__Bacteria;p__Bacteroidota;c__Bacteroidia;o__Bacteroidales;f__Tannerellaceae;g__Parabacteroides;s__	d__Bacteria;x__FCB group;x__Bacteroidota/Chlorobiota group;p__Bacteroidota;c__Bacteroidia;o__Bacteroidales;f__Tannerellaceae;g__Parabacteroides;x__environmental samples;s__uncultured Parabacteroides sp.	0	4530694	11	68	na	4530694	0	CAKVAN000000000.1	3762	34	none	0	none	none	none	none	none	none	none	none	none	none	none	none	none	none	0	19	69	0	GCF_934725195.1	GCF_934725195.1
RS_GCF_934725235.1	0	94.85	1.41	Specific	98.88	0.0	427	o__Bacteroidales (UID2621)	260	0.0	4151596	91.30274335142704	57	2044505	44.96316965709317	4547066	RS_GCF_000012845.1	f	d__Bacteria;p__Bacteroidota;c__Bacteroidia;o__Bacteroidales;f__Tannerellaceae;g__Parabacteroides;s__Parabacteroides distasonis	not type material	none	f	13	13	395829	395829	none	0	none	none	none	0	none	none	none	none	none	none	none	none	79773	79773	f	f	t	106117	106117	Contig	ERR7745908_bin.80	na	PRJNA224116	SAMEA13478129	57	106117	none	2022-04-16	GCA_934725235.1	derived from metagenome	full	REFINED_METABAT215_TOP10_CONTIGS_1500_ASSEMBLY_K77_MERGED__Nepal_MoBio_Fiber-Hadza-Nepal_D_5_THA1074JZ.80	human feces	none	0	0	uncultured Parabacteroides sp.	none	na	0	none	none	none	none	none	2022/04/16	0	512312	0	REFINED_METABAT215_TOP10_CONTIGS_1500_ASSEMBLY_K77_MERGED__Nepal_MoBio_Fiber-Hadza-Nepal_D_5_THA1074JZ.80	stanford university school of medicine	512312	d__Bacteria;p__Bacteroidota;c__Bacteroidia;o__Bacteroidales;f__Tannerellaceae;g__Parabacteroides;s__	d__Bacteria;x__FCB group;x__Bacteroidota/Chlorobiota group;p__Bacteroidota;c__Bacteroidia;o__Bacteroidales;f__Tannerellaceae;g__Parabacteroides;x__environmental samples;s__uncultured Parabacteroides sp.	0	4547066	11	54	na	4547066	0	CAKVBH000000000.1	3778	57	none	0	none	none	none	none	none	none	none	none	none	none	none	none	none	none	0	19	58	0	GCF_934725235.1	GCF_934725235.1
RS_GCF_013267615.1	49	99.98	0.98	Specific	99.42	0.0	427	o__Bacteroidales (UID2621)	260	0.0	4449042	90.3169345394154	1	2225285	45.17442606390926	4926033	RS_GCF_000012845.1	f	d__Bacteria;p__Bacteroidota;c__Bacteroidia;o__Bacteroidales;f__Tannerellaceae;g__Parabacteroides;s__Parabacteroides distasonis	not type material	none	f	1	1	4926033	4926033	4926033	7	2871	NZ_CP054012.1-#4	4926033	7	106	NZ_CP054012.1	2871	5264	0	99.756	CDZD01015154.2111.4988	Bacteria;Bacteroidota;Bacteroidia;Bacteroidales;Tannerellaceae;Parabacteroides;gut metagenome	4926033	4926033	t	f	f	4926033	4926033	Complete Genome	ASM1326761v1	na	PRJNA224116	SAMN11056474	none	none	USA: VA	2020-06-04	GCA_013267615.1	none	full	na	human fecal sample	none	1	0	Parabacteroides distasonis	none	na	21	1	1	4926033	4926033	4926033	2020/06/04	0	823	7	FDAARGOS_759	US Food and Drug Administration	823	d__Bacteria;p__Bacteroidota;c__Bacteroidia;o__Bacteroidales;f__Tannerellaceae;g__Parabacteroides;s__Parabacteroides distasonis	d__Bacteria;x__FCB group;x__Bacteroidota/Chlorobiota group;p__Bacteroidota;c__Bacteroidia;o__Bacteroidales;f__Tannerellaceae;g__Parabacteroides;s__Parabacteroides distasonis	0	4926033	11	82	na	4926033	0	na	4107	1	4926033	7	none	none	none	none	none	none	1522	NZ_CP054012.1	1522	2795	0	99.803	CP022754.710842.712381	Bacteria;Bacteroidota;Bacteroidia;Bacteroidales;Tannerellaceae;Parabacteroides;Parabacteroides sp. CT06	0	19	81	0	GCF_013267615.1	GCF_013267615.1
RS_GCF_902387045.1	0	99.99	0.74	Specific	99.42	0.0	427	o__Bacteroidales (UID2621)	260	0.0	4520671	89.86168721285054	3	2277394	45.269931673510975	5030699	RS_GCF_000012845.1	f	d__Bacteria;p__Bacteroidota;c__Bacteroidia;o__Bacteroidales;f__Tannerellaceae;g__Parabacteroides;s__Parabacteroides distasonis	not type material	none	f	1	1	3389137	3389137	3389137	7	2871	NZ_CABMKT010000001.1-#3	3389137	7	106	NZ_CABMKT010000001.1	2871	5286	0	99.896	CDZD01015154.2111.4988	Bacteria;Bacteroidota;Bacteroidia;Bacteroidales;Tannerellaceae;Parabacteroides;gut metagenome	1676899	1676899	t	f	f	3389137	3389137	Contig	UHGG_MGYG-HGUT-02438	na	PRJNA224116	SAMEA5851943	3	3389137	none	2019-08-16	GCA_902387045.1	none	full	MGYG-HGUT-02438	human gut	none	0	0	Parabacteroides distasonis	none	na	21	none	none	none	none	none	2019/08/16	0	823	7	MGYG-HGUT-02438	EMG	823	d__Bacteria;p__Bacteroidota;c__Bacteroidia;o__Bacteroidales;f__Tannerellaceae;g__Parabacteroides;s__Parabacteroides distasonis	d__Bacteria;x__FCB group;x__Bacteroidota/Chlorobiota group;p__Bacteroidota;c__Bacteroidia;o__Bacteroidales;f__Tannerellaceae;g__Parabacteroides;s__Parabacteroides distasonis	0	5030699	11	80	na	5030699	0	CABMKT000000000.1	4186	3	3389137	7	none	none	none	none	none	none	1522	NZ_CABMKT010000001.1	1522	2761	0	99.409	CP022754.4526807.4528346	Bacteria;Bacteroidota;Bacteroidia;Bacteroidales;Tannerellaceae;Parabacteroides;Parabacteroides sp. CT06	0	19	80	0	GCF_902387045.1	GCF_902387045.1
RS_GCF_934668585.1	0	99.03	0.0	Specific	98.59	0.0	427	o__Bacteroidales (UID2621)	260	0.0	3809990	91.65283450966808	251	1892080	45.51573498068309	4156980	RS_GCF_000012845.1	f	d__Bacteria;p__Bacteroidota;c__Bacteroidia;o__Bacteroidales;f__Tannerellaceae;g__Parabacteroides;s__Parabacteroides distasonis	not type material	none	f	48	48	92241	92241	none	0	none	none	none	0	none	none	none	none	none	none	none	none	16561	16561	f	f	t	26161	26161	Contig	ERR7738209_bin.95	na	PRJNA224116	SAMEA13480871	251	26161	none	2022-04-16	GCA_934668585.1	derived from metagenome	full	REFINED_METABAT215_TOP10_CONTIGS_1500_ASSEMBLY_K77_MERGED__Hadza_MoBio_hadza-E-H_B_2_2152.95	human feces	none	0	0	uncultured Parabacteroides sp.	none	na	0	none	none	none	none	none	2022/04/16	0	512312	0	REFINED_METABAT215_TOP10_CONTIGS_1500_ASSEMBLY_K77_MERGED__Hadza_MoBio_hadza-E-H_B_2_2152.95	stanford university school of medicine	512312	d__Bacteria;p__Bacteroidota;c__Bacteroidia;o__Bacteroidales;f__Tannerellaceae;g__Parabacteroides;s__	d__Bacteria;x__FCB group;x__Bacteroidota/Chlorobiota group;p__Bacteroidota;c__Bacteroidia;o__Bacteroidales;f__Tannerellaceae;g__Parabacteroides;x__environmental samples;s__uncultured Parabacteroides sp.	0	4156980	11	56	na	4156980	0	CAKUNZ000000000.1	3457	251	none	0	none	none	none	none	none	none	none	none	none	none	none	none	none	none	0	18	58	0	GCF_934668585.1	GCF_934668585.1
RS_GCF_934699105.1	0	97.78	0.97	Specific	95.77	0.13	427	o__Bacteroidales (UID2621)	260	0.0	4071754	91.472730291232	46	2015629	45.281489963339055	4451331	RS_GCF_000012845.1	f	d__Bacteria;p__Bacteroidota;c__Bacteroidia;o__Bacteroidales;f__Tannerellaceae;g__Parabacteroides;s__Parabacteroides distasonis	not type material	none	f	11	11	315145	315145	none	0	none	none	none	0	none	none	none	none	none	none	none	none	96768	96768	f	f	t	139499	139499	Contig	ERR7738562_bin.44	na	PRJNA224116	SAMEA13483614	46	139499	none	2022-04-16	GCA_934699105.1	derived from metagenome	full	REFINED_METABAT215_SUBJECT_CONTIGS_1500_ASSEMBLY_K77_MERGED__Pilot_MoBio_Fiber_G_23_1002.44	human feces	none	0	0	uncultured Parabacteroides sp.	none	na	0	none	none	none	none	none	2022/04/16	0	512312	0	REFINED_METABAT215_SUBJECT_CONTIGS_1500_ASSEMBLY_K77_MERGED__Pilot_MoBio_Fiber_G_23_1002.44	stanford university school of medicine	512312	d__Bacteria;p__Bacteroidota;c__Bacteroidia;o__Bacteroidales;f__Tannerellaceae;g__Parabacteroides;s__	d__Bacteria;x__FCB group;x__Bacteroidota/Chlorobiota group;p__Bacteroidota;c__Bacteroidia;o__Bacteroidales;f__Tannerellaceae;g__Parabacteroides;x__environmental samples;s__uncultured Parabacteroides sp.	0	4451331	11	53	na	4451331	0	CAKUVV000000000.1	3674	46	none	0	none	none	none	none	none	none	none	none	none	none	none	none	none	none	0	19	54	0	GCF_934699105.1	GCF_934699105.1
RS_GCF_000436315.1	42	99.95	0.31	Specific	99.02	0.13	427	o__Bacteroidales (UID2621)	260	0.0	4147702	90.931935143421	171	2056253	45.11538001630185	4561326	RS_GCF_000012845.1	f	d__Bacteria;p__Bacteroidota;c__Bacteroidia;o__Bacteroidales;f__Tannerellaceae;g__Parabacteroides;s__Parabacteroides distasonis	not type material	none	f	30	13	174447	283505	525	1	509	NZ_FR885277.1	none	0	none	none	509	941	0	100	AVKQ01000254.1970.4847	Bacteria;Bacteroidota;Bacteroidia;Bacteroidales;Tannerellaceae;Parabacteroides;Clostridioides difficile F501	26653	54955	f	f	t	50939	115284	Scaffold	MGS2	na	PRJNA224116	SAMEA3138700	171	50939	none	2013-07-17	GCA_000436315.1	derived from metagenome	full	na	derived from human gut metagenome	none	0	0	Parabacteroides sp. CAG:2	none	na	1	83	13	115284	69922	40400	2013/07/17	88	1262912	0	none	DTU	1262912	d__Bacteria;p__Bacteroidota;c__Bacteroidia;o__Bacteroidales;f__Tannerellaceae;g__Parabacteroides;s__	d__Bacteria;x__FCB group;x__Bacteroidota/Chlorobiota group;p__Bacteroidota;c__Bacteroidia;o__Bacteroidales;f__Tannerellaceae;g__Parabacteroides;x__environmental samples;s__Parabacteroides sp. CAG:2	3519	4561326	11	60	na	4557807	0	CBDT000000000.1	3862	83	none	0	none	none	none	none	none	none	none	none	none	none	none	none	none	none	3519	18	59	0	GCF_000436315.1	GCF_000436315.1
RS_GCF_022137425.1	0	100.0	1.21	Specific	99.42	0.38	427	o__Bacteroidales (UID2621)	260	0.0	4818549	90.74710938978674	190	2379600	44.81469867877997	5309865	RS_GCF_000012845.1	f	d__Bacteria;p__Bacteroidota;c__Bacteroidia;o__Bacteroidales;f__Tannerellaceae;g__Parabacteroides;s__Parabacteroides distasonis	not type material	none	f	14	14	392529	392529	3570	5	2095	NZ_JAKNEJ010000074.1	863	1	106	NZ_JAKNEJ010000092.1	2095	3869	0	100	CP022754.1216505.1219383	Bacteria;Bacteroidota;Bacteroidia;Bacteroidales;Tannerellaceae;Parabacteroides;Parabacteroides sp. CT06	27946	27946	f	f	t	118376	118376	Contig		na	PRJNA224116	SAMN24725980	190	118376	USA: Chicago	2022-02-09	GCA_022137425.1	none	full	na	human fecal sample	none	0	0	Parabacteroides distasonis	none	na	8	none	none	none	none	none	2022/02/09	0	823	2	DFI.1.80	University of Chicago	823	d__Bacteria;p__Bacteroidota;c__Bacteroidia;o__Bacteroidales;f__Tannerellaceae;g__Parabacteroides;s__Parabacteroides distasonis	d__Bacteria;x__FCB group;x__Bacteroidota/Chlorobiota group;p__Bacteroidota;c__Bacteroidia;o__Bacteroidales;f__Tannerellaceae;g__Parabacteroides;s__Parabacteroides distasonis	0	5309865	11	56	na	5309865	0	JAKNEJ000000000.1	4621	190	3570	2	none	none	none	none	none	none	1052	NZ_JAKNEJ010000074.1	1052	1943	0	100	CP022754.1214557.1216096	Bacteria;Bacteroidota;Bacteroidia;Bacteroidales;Tannerellaceae;Parabacteroides;Parabacteroides sp. CT06	0	19	58	0	GCF_022137425.1	GCF_022137425.1
