ID	source	species	gtdb_taxonomy	host_species	host_order	host_class	isolation_source	host	host_summary	country	locality	completeness	contamination	genome_size	GC	N50	contigs	collection_date	ncbi_biosample	mag_name	eha_number	gtdb_representative	mimag_high_quality	mimag_medium_quality	common_name	sample_name	external_id	submitter_id	env_broad	env_medium	env_local	env_local_context	host_status	disease	diagnosis	latitude	longitude	accession	host_disease	host_age	host_type	country_simple	country_normalized	continent
GCF_001672265.1	NCBI	NA	NA	Oncorhynchus mykiss	Salmoniformes	Actinopterygii	intestinal content of rainbow trout reared in Puerto Montt	Oncorhynchus mykiss	NA	Chile: Puerto Montt	NA	93.41	1.4	2486648	35.5	NA	NA	NA	NA	NA	NA	NA	NA	NA	NA	NA	NA	NA	NA	NA	NA	NA	NA	NA	NA	NA	NA	NA	NA	NA	animal	Chile	Chile	Americas
RS_GCF_003472365.1	GTDB	NA	d__Bacteria;p__Bacillota;c__Bacilli;o__Lactobacillales;f__Streptococcaceae;g__Lactococcus;s__Lactococcus lactis	Homo sapiens	Primates	Mammalia	feces	Homo sapiens	NA	China: Shenzhen	NA	100	0.32	2363031	34.90546514988843	355599	15	2013-07-01	SAMN09734781	NA	NA	FALSE	NA	NA	NA	NA	NA	NA	NA	NA	NA	NA	NA	NA	NA	NA	NA	RS_GCF_003472365.1	NA	NA	human	China	China	Asia
GCF_009497135.1	NCBI	NA	NA	Oreochromis niloticus	Cichliformes	Actinopterygii	tilapia intestine	Oreochromis niloticus	NA	Colombia: Llanos and Atlantic	NA	99.5	0.23	2485026	35	NA	NA	2018	NA	NA	NA	NA	NA	NA	NA	NA	NA	NA	NA	NA	NA	NA	NA	NA	NA	NA	NA	NA	NA	NA	animal	Colombia	Colombia	Americas
RS_GCF_014334715.1	GTDB	NA	d__Bacteria;p__Bacillota;c__Bacilli;o__Lactobacillales;f__Streptococcaceae;g__Lactococcus;s__Lactococcus lactis	Grasshopper	Orthoptera	Insecta	feces	Grasshopper	NA	South Korea	NA	100	0.14	2375093	35.01408155385916	2375093	1	2016-10-04	SAMN15183971	NA	NA	FALSE	NA	NA	NA	NA	NA	NA	NA	NA	NA	NA	NA	NA	NA	NA	NA	RS_GCF_014334715.1	NA	NA	animal	South Korea	South Korea	Asia
RS_GCF_014830215.1	GTDB	NA	d__Bacteria;p__Bacillota;c__Bacilli;o__Lactobacillales;f__Streptococcaceae;g__Lactococcus;s__Lactococcus lactis	Homo sapiens	Primates	Mammalia	Human feces	NA	NA	India: Rajasthan	NA	100	0.31	2330865	35.01442597490631	99892	55	2013-11	SAMN09762740	NA	NA	FALSE	NA	NA	NA	NA	NA	NA	NA	NA	NA	NA	NA	NA	NA	NA	NA	RS_GCF_014830215.1	NA	NA	human	India	India	Asia
GCF_015551225.1	NCBI	NA	NA	Homo sapiens	Primates	Mammalia	stool	Homo sapiens	NA	USA	NA	99.71	0.29	2324176	35	NA	NA	2016-10-03	NA	NA	NA	NA	NA	NA	NA	NA	NA	NA	NA	NA	NA	NA	NA	NA	NA	NA	NA	NA	NA	NA	human	USA	United States	Americas
GCF_015552555.1	NCBI	NA	NA	Homo sapiens	Primates	Mammalia	stool	Homo sapiens	NA	USA	NA	99.56	0.68	2509912	35	NA	NA	2015-02-12	NA	NA	NA	NA	NA	NA	NA	NA	NA	NA	NA	NA	NA	NA	NA	NA	NA	NA	NA	NA	NA	NA	human	USA	United States	Americas
GCF_015666905.1	NCBI	NA	NA	Homo sapiens	Primates	Mammalia	stool	Homo sapiens	NA	USA	NA	97.5	1.9	2555576	35	NA	NA	2017-10-09	NA	NA	NA	NA	NA	NA	NA	NA	NA	NA	NA	NA	NA	NA	NA	NA	NA	NA	NA	NA	NA	NA	human	USA	United States	Americas
GCF_015667015.1	NCBI	NA	NA	Homo sapiens	Primates	Mammalia	stool	Homo sapiens	NA	USA	NA	98.94	0.88	2523744	35	NA	NA	2017-02-06	NA	NA	NA	NA	NA	NA	NA	NA	NA	NA	NA	NA	NA	NA	NA	NA	NA	NA	NA	NA	NA	NA	human	USA	United States	Americas
GCF_015667075.1	NCBI	NA	NA	Homo sapiens	Primates	Mammalia	stool	Homo sapiens	NA	USA	NA	99.46	0.69	2574289	35	NA	NA	2017-02-06	NA	NA	NA	NA	NA	NA	NA	NA	NA	NA	NA	NA	NA	NA	NA	NA	NA	NA	NA	NA	NA	NA	human	USA	United States	Americas
GB_GCA_018369575.1	GTDB	NA	d__Bacteria;p__Bacillota;c__Bacilli;o__Lactobacillales;f__Streptococcaceae;g__Lactococcus;s__Lactococcus cremoris	Homo sapiens	Primates	Mammalia	infant feces	Homo sapiens	NA	USA: Pittsburgh; Magee-Womens Hospital of UPMC	NA	94.84	2.13	2272833	35.34931954965455	16482	190	2016/2019	SAMN17800700	NA	NA	FALSE	NA	NA	NA	NA	NA	NA	feces	feces	infant	NA	NA	NA	NA	NA	NA	GB_GCA_018369575.1	NA	NA	human	USA	United States	Americas
GB_GCA_018381915.1	GTDB	NA	d__Bacteria;p__Bacillota;c__Bacilli;o__Lactobacillales;f__Streptococcaceae;g__Lactococcus;s__Lactococcus lactis	Homo sapiens	Primates	Mammalia	infant feces	Homo sapiens	NA	USA: Pittsburgh; Magee-Womens Hospital of UPMC	NA	100	0.2	2478750	34.97133635905194	124243	52	2016/2019	SAMN17801088	NA	NA	FALSE	NA	NA	NA	NA	NA	NA	feces	feces	infant	NA	NA	NA	NA	NA	NA	GB_GCA_018381915.1	NA	NA	human	USA	United States	Americas
RS_GCF_018916825.1	GTDB	NA	d__Bacteria;p__Bacillota;c__Bacilli;o__Lactobacillales;f__Streptococcaceae;g__Lactococcus;s__Lactococcus lactis	Macaca fascicularis	Primates	Mammalia	feces	Macaca fascicularis	NA	China: Suzhou	NA	100	0.52	2445684	34.91571274130264	162520	44	2019-08	SAMN19374079	NA	NA	FALSE	NA	NA	NA	NA	NA	NA	NA	NA	NA	NA	NA	NA	NA	NA	NA	RS_GCF_018916825.1	NA	NA	animal	China	China	Asia
RS_GCF_020553675.1	GTDB	NA	d__Bacteria;p__Bacillota;c__Bacilli;o__Lactobacillales;f__Streptococcaceae;g__Lactococcus;s__Lactococcus lactis	Homo sapiens	Primates	Mammalia	fecal sample	Homo sapiens	NA	USA: New York	NA	100	0.1	2470174	34.9105771496259	77832	102	NA	SAMN22165187	NA	NA	FALSE	NA	NA	NA	NA	NA	NA	not applicable	NA	NA	NA	NA	NA	NA	NA	NA	RS_GCF_020553675.1	NA	NA	human	USA	United States	Americas
RS_GCF_020782925.1	GTDB	NA	d__Bacteria;p__Bacillota;c__Bacilli;o__Lactobacillales;f__Streptococcaceae;g__Lactococcus;s__Lactococcus lactis	Rhinolophus capensis	Chiroptera	Mammalia	feces	Rhinolophus capensis	NA	South Africa: Northwest of Grahamstown	NA	100	0.4	2893565	34.53832901628268	488067	53	2019-04	SAMN22307046	NA	NA	FALSE	NA	NA	NA	NA	NA	NA	NA	NA	NA	NA	NA	NA	NA	NA	NA	RS_GCF_020782925.1	NA	NA	animal	South Africa	South Africa	Africa
RS_GCF_021961665.1	GTDB	NA	d__Bacteria;p__Bacillota;c__Bacilli;o__Lactobacillales;f__Streptococcaceae;g__Lactococcus;s__Lactococcus lactis	Drosophila melanogaster	Diptera	Insecta	dPANK/fbl mutant fly guts	Drosophila melanogaster	NA	Netherlands: Groningen	NA	100	0.2	2416341	34.83655659528188	551574	12	2019-09	SAMN22212105	NA	NA	FALSE	NA	NA	NA	NA	NA	NA	NA	NA	NA	NA	NA	NA	NA	NA	NA	RS_GCF_021961665.1	NA	NA	animal	Netherlands	Netherlands	Europe
GB_GCA_022794425.1	GTDB	NA	d__Bacteria;p__Bacillota;c__Bacilli;o__Lactobacillales;f__Streptococcaceae;g__Lactococcus;s__Lactococcus lactis	Mus musculus	Rodentia	Mammalia	feces extracted directly from colon	Mus musculus	NA	USA: Knoxville; TN	NA	100	0.19	2261815	34.95577666608454	76296	48	2017-11-22/2017-12-12	SAMN14273537	NA	NA	FALSE	NA	NA	NA	NA	NA	NA	environmental system determined by an organism[ENVO_01001000]|animal-associated environment[ENVO_01001002]	fecal material[ENVO_00002003]	digestive tract[UBERON_0001555]|colon[UBERON_0001155]	NA	NA	NA	NA	NA	NA	GB_GCA_022794425.1	NA	NA	animal	USA	United States	Americas
RS_GCF_024461915.1	GTDB	NA	d__Bacteria;p__Bacillota;c__Bacilli;o__Lactobacillales;f__Streptococcaceae;g__Lactococcus;s__Lactococcus lactis	Homo sapiens	Primates	Mammalia	fecal sample	Homo sapiens	NA	USA: Chicago	NA	100	0.62	2483607	34.842589830033496	354844	49	NA	SAMN28944560	NA	NA	FALSE	NA	NA	NA	NA	NA	NA	not applicable	NA	NA	NA	NA	NA	NA	NA	NA	RS_GCF_024461915.1	NA	NA	human	USA	United States	Americas
RS_GCF_024461935.1	GTDB	NA	d__Bacteria;p__Bacillota;c__Bacilli;o__Lactobacillales;f__Streptococcaceae;g__Lactococcus;s__Lactococcus lactis	Homo sapiens	Primates	Mammalia	fecal sample	Homo sapiens	NA	USA: Chicago	NA	100	1.44	2497795	34.88705037843378	368922	55	NA	SAMN28944559	NA	NA	FALSE	NA	NA	NA	NA	NA	NA	not applicable	NA	NA	NA	NA	NA	NA	NA	NA	RS_GCF_024461935.1	NA	NA	human	USA	United States	Americas
RS_GCF_025128595.1	GTDB	NA	d__Bacteria;p__Bacillota;c__Bacilli;o__Lactobacillales;f__Streptococcaceae;g__Lactococcus;s__Lactococcus lactis	Termite	Blattodea	Insecta	Termite Gut	NA	NA	none	NA	100	1.17	2720045	34.81129907777261	132662	130	unknown	SAMN10365207	NA	NA	FALSE	NA	NA	NA	NA	NA	NA	NA	NA	NA	NA	NA	NA	NA	NA	NA	RS_GCF_025128595.1	NA	NA	animal	none	None	NA
RS_GCF_027661125.1	GTDB	NA	d__Bacteria;p__Bacillota;c__Bacilli;o__Lactobacillales;f__Streptococcaceae;g__Lactococcus;s__Lactococcus lactis	Homo sapiens	Primates	Mammalia	fecal material [ENVO:00002003]	Homo sapiens	NA	China: Shenzhen	NA	100	0.12	2343593	34.85681783172815	322920	23	2014-02-01	SAMN31808596	NA	NA	FALSE	NA	NA	NA	NA	NA	NA	microbial community [PCO:1000004]	fecal material [ENVO:00002003]	fecal material [ENVO:00002003]	NA	NA	NA	NA	NA	NA	RS_GCF_027661125.1	NA	NA	human	China	China	Asia
RS_GCF_027672645.1	GTDB	NA	d__Bacteria;p__Bacillota;c__Bacilli;o__Lactobacillales;f__Streptococcaceae;g__Lactococcus;s__Lactococcus lactis	Homo sapiens	Primates	Mammalia	fecal material [ENVO:00002003]	Homo sapiens	NA	China: Shenzhen	NA	99.99	0.72	2435131	34.73134869578752	280763	33	2014-02-01	SAMN31809029	NA	NA	FALSE	NA	NA	NA	NA	NA	NA	microbial community [PCO:1000004]	fecal material [ENVO:00002003]	fecal material [ENVO:00002003]	NA	NA	NA	NA	NA	NA	RS_GCF_027672645.1	NA	NA	human	China	China	Asia
RS_GCF_027672665.1	GTDB	NA	d__Bacteria;p__Bacillota;c__Bacilli;o__Lactobacillales;f__Streptococcaceae;g__Lactococcus;s__Lactococcus lactis	Homo sapiens	Primates	Mammalia	fecal material [ENVO:00002003]	Homo sapiens	NA	China: Shenzhen	NA	100	0.33	2436786	34.87823315574386	158057	57	2014-02-01	SAMN31809027	NA	NA	FALSE	NA	NA	NA	NA	NA	NA	microbial community [PCO:1000004]	fecal material [ENVO:00002003]	fecal material [ENVO:00002003]	NA	NA	NA	NA	NA	NA	RS_GCF_027672665.1	NA	NA	human	China	China	Asia
RS_GCF_027672695.1	GTDB	NA	d__Bacteria;p__Bacillota;c__Bacilli;o__Lactobacillales;f__Streptococcaceae;g__Lactococcus;s__Lactococcus lactis	Homo sapiens	Primates	Mammalia	fecal material [ENVO:00002003]	Homo sapiens	NA	China: Shenzhen	NA	100	0.33	2435804	34.88461652154777	147745	60	2014-02-01	SAMN31809026	NA	NA	FALSE	NA	NA	NA	NA	NA	NA	microbial community [PCO:1000004]	fecal material [ENVO:00002003]	fecal material [ENVO:00002003]	NA	NA	NA	NA	NA	NA	RS_GCF_027672695.1	NA	NA	human	China	China	Asia
RS_GCF_027672725.1	GTDB	NA	d__Bacteria;p__Bacillota;c__Bacilli;o__Lactobacillales;f__Streptococcaceae;g__Lactococcus;s__Lactococcus lactis	Homo sapiens	Primates	Mammalia	fecal material [ENVO:00002003]	Homo sapiens	NA	China: Shenzhen	NA	100	0.17	2467394	34.91203357202854	136750	60	2014-02-01	SAMN31809025	NA	NA	FALSE	NA	NA	NA	NA	NA	NA	microbial community [PCO:1000004]	fecal material [ENVO:00002003]	fecal material [ENVO:00002003]	NA	NA	NA	NA	NA	NA	RS_GCF_027672725.1	NA	NA	human	China	China	Asia
RS_GCF_027672785.1	GTDB	NA	d__Bacteria;p__Bacillota;c__Bacilli;o__Lactobacillales;f__Streptococcaceae;g__Lactococcus;s__Lactococcus lactis	Homo sapiens	Primates	Mammalia	fecal material [ENVO:00002003]	Homo sapiens	NA	China: Shenzhen	NA	100	0.41	2450535	34.854060098061815	198425	32	2014-02-01	SAMN31809024	NA	NA	FALSE	NA	NA	NA	NA	NA	NA	microbial community [PCO:1000004]	fecal material [ENVO:00002003]	fecal material [ENVO:00002003]	NA	NA	NA	NA	NA	NA	RS_GCF_027672785.1	NA	NA	human	China	China	Asia
RS_GCF_027672865.1	GTDB	NA	d__Bacteria;p__Bacillota;c__Bacilli;o__Lactobacillales;f__Streptococcaceae;g__Lactococcus;s__Lactococcus lactis	Homo sapiens	Primates	Mammalia	fecal material [ENVO:00002003]	Homo sapiens	NA	China: Shenzhen	NA	100	1.11	2499458	34.899800665621584	161129	69	2014-02-01	SAMN31809019	NA	NA	FALSE	NA	NA	NA	NA	NA	NA	microbial community [PCO:1000004]	fecal material [ENVO:00002003]	fecal material [ENVO:00002003]	NA	NA	NA	NA	NA	NA	RS_GCF_027672865.1	NA	NA	human	China	China	Asia
RS_GCF_027672965.1	GTDB	NA	d__Bacteria;p__Bacillota;c__Bacilli;o__Lactobacillales;f__Streptococcaceae;g__Lactococcus;s__Lactococcus lactis	Homo sapiens	Primates	Mammalia	fecal material [ENVO:00002003]	Homo sapiens	NA	China: Shenzhen	NA	100	0.41	2450569	34.848557189080395	174398	32	2014-02-01	SAMN31809015	NA	NA	FALSE	NA	NA	NA	NA	NA	NA	microbial community [PCO:1000004]	fecal material [ENVO:00002003]	fecal material [ENVO:00002003]	NA	NA	NA	NA	NA	NA	RS_GCF_027672965.1	NA	NA	human	China	China	Asia
RS_GCF_027673065.1	GTDB	NA	d__Bacteria;p__Bacillota;c__Bacilli;o__Lactobacillales;f__Streptococcaceae;g__Lactococcus;s__Lactococcus lactis	Homo sapiens	Primates	Mammalia	fecal material [ENVO:00002003]	Homo sapiens	NA	China: Shenzhen	NA	100	0.23	2584305	34.73673008569599	148051	93	2014-02-01	SAMN31809012	NA	NA	FALSE	NA	NA	NA	NA	NA	NA	microbial community [PCO:1000004]	fecal material [ENVO:00002003]	fecal material [ENVO:00002003]	NA	NA	NA	NA	NA	NA	RS_GCF_027673065.1	NA	NA	human	China	China	Asia
RS_GCF_027673085.1	GTDB	NA	d__Bacteria;p__Bacillota;c__Bacilli;o__Lactobacillales;f__Streptococcaceae;g__Lactococcus;s__Lactococcus lactis	Homo sapiens	Primates	Mammalia	fecal material [ENVO:00002003]	Homo sapiens	NA	China: Shenzhen	NA	100	0.41	2448497	34.85070332337192	145843	36	2014-02-01	SAMN31809011	NA	NA	FALSE	NA	NA	NA	NA	NA	NA	microbial community [PCO:1000004]	fecal material [ENVO:00002003]	fecal material [ENVO:00002003]	NA	NA	NA	NA	NA	NA	RS_GCF_027673085.1	NA	NA	human	China	China	Asia
RS_GCF_027673155.1	GTDB	NA	d__Bacteria;p__Bacillota;c__Bacilli;o__Lactobacillales;f__Streptococcaceae;g__Lactococcus;s__Lactococcus lactis	Homo sapiens	Primates	Mammalia	fecal material [ENVO:00002003]	Homo sapiens	NA	China: Shenzhen	NA	100	0.41	2446733	34.84388928239056	202986	32	2014-02-01	SAMN31809008	NA	NA	FALSE	NA	NA	NA	NA	NA	NA	microbial community [PCO:1000004]	fecal material [ENVO:00002003]	fecal material [ENVO:00002003]	NA	NA	NA	NA	NA	NA	RS_GCF_027673155.1	NA	NA	human	China	China	Asia
RS_GCF_027673225.1	GTDB	NA	d__Bacteria;p__Bacillota;c__Bacilli;o__Lactobacillales;f__Streptococcaceae;g__Lactococcus;s__Lactococcus lactis	Homo sapiens	Primates	Mammalia	fecal material [ENVO:00002003]	Homo sapiens	NA	China: Shenzhen	NA	100	0.41	2448653	34.850443293584135	202727	36	2014-02-01	SAMN31809004	NA	NA	FALSE	NA	NA	NA	NA	NA	NA	microbial community [PCO:1000004]	fecal material [ENVO:00002003]	fecal material [ENVO:00002003]	NA	NA	NA	NA	NA	NA	RS_GCF_027673225.1	NA	NA	human	China	China	Asia
RS_GCF_027673305.1	GTDB	NA	d__Bacteria;p__Bacillota;c__Bacilli;o__Lactobacillales;f__Streptococcaceae;g__Lactococcus;s__Lactococcus lactis	Homo sapiens	Primates	Mammalia	fecal material [ENVO:00002003]	Homo sapiens	NA	China: Shenzhen	NA	100	0.6	2500523	34.78083332966726	171990	70	2014-02-01	SAMN31809002	NA	NA	FALSE	NA	NA	NA	NA	NA	NA	microbial community [PCO:1000004]	fecal material [ENVO:00002003]	fecal material [ENVO:00002003]	NA	NA	NA	NA	NA	NA	RS_GCF_027673305.1	NA	NA	human	China	China	Asia
RS_GCF_027673485.1	GTDB	NA	d__Bacteria;p__Bacillota;c__Bacilli;o__Lactobacillales;f__Streptococcaceae;g__Lactococcus;s__Lactococcus lactis	Homo sapiens	Primates	Mammalia	fecal material [ENVO:00002003]	Homo sapiens	NA	China: Shenzhen	NA	100	0.32	2438718	34.880331723431496	209122	49	2014-02-01	SAMN31808989	NA	NA	FALSE	NA	NA	NA	NA	NA	NA	microbial community [PCO:1000004]	fecal material [ENVO:00002003]	fecal material [ENVO:00002003]	NA	NA	NA	NA	NA	NA	RS_GCF_027673485.1	NA	NA	human	China	China	Asia
RS_GCF_027674205.1	GTDB	NA	d__Bacteria;p__Bacillota;c__Bacilli;o__Lactobacillales;f__Streptococcaceae;g__Lactococcus;s__Lactococcus lactis	Homo sapiens	Primates	Mammalia	fecal material [ENVO:00002003]	Homo sapiens	NA	China: Shenzhen	NA	100	0.25	2439777	34.90824772397217	122867	64	2014-02-01	SAMN31808961	NA	NA	FALSE	NA	NA	NA	NA	NA	NA	microbial community [PCO:1000004]	fecal material [ENVO:00002003]	fecal material [ENVO:00002003]	NA	NA	NA	NA	NA	NA	RS_GCF_027674205.1	NA	NA	human	China	China	Asia
RS_GCF_027674325.1	GTDB	NA	d__Bacteria;p__Bacillota;c__Bacilli;o__Lactobacillales;f__Streptococcaceae;g__Lactococcus;s__Lactococcus lactis	Homo sapiens	Primates	Mammalia	fecal material [ENVO:00002003]	Homo sapiens	NA	China: Shenzhen	NA	100	0.38	2448466	34.929308813168184	118575	78	2014-02-01	SAMN31808954	NA	NA	FALSE	NA	NA	NA	NA	NA	NA	microbial community [PCO:1000004]	fecal material [ENVO:00002003]	fecal material [ENVO:00002003]	NA	NA	NA	NA	NA	NA	RS_GCF_027674325.1	NA	NA	human	China	China	Asia
RS_GCF_027674405.1	GTDB	NA	d__Bacteria;p__Bacillota;c__Bacilli;o__Lactobacillales;f__Streptococcaceae;g__Lactococcus;s__Lactococcus lactis	Homo sapiens	Primates	Mammalia	fecal material [ENVO:00002003]	Homo sapiens	NA	China: Shenzhen	NA	100	0.25	2443528	34.90745341157346	136750	65	2014-02-01	SAMN31808949	NA	NA	FALSE	NA	NA	NA	NA	NA	NA	microbial community [PCO:1000004]	fecal material [ENVO:00002003]	fecal material [ENVO:00002003]	NA	NA	NA	NA	NA	NA	RS_GCF_027674405.1	NA	NA	human	China	China	Asia
RS_GCF_027674685.1	GTDB	NA	d__Bacteria;p__Bacillota;c__Bacilli;o__Lactobacillales;f__Streptococcaceae;g__Lactococcus;s__Lactococcus lactis	Homo sapiens	Primates	Mammalia	fecal material [ENVO:00002003]	Homo sapiens	NA	China: Shenzhen	NA	100	0.25	2438854	34.913422647067506	174245	64	2014-02-01	SAMN31808966	NA	NA	FALSE	NA	NA	NA	NA	NA	NA	microbial community [PCO:1000004]	fecal material [ENVO:00002003]	fecal material [ENVO:00002003]	NA	NA	NA	NA	NA	NA	RS_GCF_027674685.1	NA	NA	human	China	China	Asia
RS_GCF_027676035.1	GTDB	NA	d__Bacteria;p__Bacillota;c__Bacilli;o__Lactobacillales;f__Streptococcaceae;g__Lactococcus;s__Lactococcus lactis	Homo sapiens	Primates	Mammalia	fecal material [ENVO:00002003]	Homo sapiens	NA	China: Shenzhen	NA	100	0.17	2342781	34.82236804754894	130196	54	2014-02-01	SAMN31809473	NA	NA	FALSE	NA	NA	NA	NA	NA	NA	microbial community [PCO:1000004]	fecal material [ENVO:00002003]	fecal material [ENVO:00002003]	NA	NA	NA	NA	NA	NA	RS_GCF_027676035.1	NA	NA	human	China	China	Asia
RS_GCF_027676135.1	GTDB	NA	d__Bacteria;p__Bacillota;c__Bacilli;o__Lactobacillales;f__Streptococcaceae;g__Lactococcus;s__Lactococcus lactis	Homo sapiens	Primates	Mammalia	fecal material [ENVO:00002003]	Homo sapiens	NA	China: Shenzhen	NA	100	0.3	2705918	34.70970379054087	152192	62	2014-02-01	SAMN31809470	NA	NA	FALSE	NA	NA	NA	NA	NA	NA	microbial community [PCO:1000004]	fecal material [ENVO:00002003]	fecal material [ENVO:00002003]	NA	NA	NA	NA	NA	NA	RS_GCF_027676135.1	NA	NA	human	China	China	Asia
RS_GCF_027676165.1	GTDB	NA	d__Bacteria;p__Bacillota;c__Bacilli;o__Lactobacillales;f__Streptococcaceae;g__Lactococcus;s__Lactococcus lactis	Homo sapiens	Primates	Mammalia	fecal material [ENVO:00002003]	Homo sapiens	NA	China: Shenzhen	NA	99.99	1.97	2598384	34.77775759320526	168911	64	2014-02-01	SAMN31809469	NA	NA	FALSE	NA	NA	NA	NA	NA	NA	microbial community [PCO:1000004]	fecal material [ENVO:00002003]	fecal material [ENVO:00002003]	NA	NA	NA	NA	NA	NA	RS_GCF_027676165.1	NA	NA	human	China	China	Asia
RS_GCF_027679985.1	GTDB	NA	d__Bacteria;p__Bacillota;c__Bacilli;o__Lactobacillales;f__Streptococcaceae;g__Lactococcus;s__Lactococcus lactis	Homo sapiens	Primates	Mammalia	fecal material [ENVO:00002003]	Homo sapiens	NA	China: Shenzhen	NA	100	0.63	2480645	34.808000467627856	233983	43	2014-02-01	SAMN31809318	NA	NA	FALSE	NA	NA	NA	NA	NA	NA	microbial community [PCO:1000004]	fecal material [ENVO:00002003]	fecal material [ENVO:00002003]	NA	NA	NA	NA	NA	NA	RS_GCF_027679985.1	NA	NA	human	China	China	Asia
RS_GCF_027688475.1	GTDB	NA	d__Bacteria;p__Bacillota;c__Bacilli;o__Lactobacillales;f__Streptococcaceae;g__Lactococcus;s__Lactococcus lactis	Homo sapiens	Primates	Mammalia	fecal material [ENVO:00002003]	Homo sapiens	NA	China: Shenzhen	NA	100	0.24	2338687	34.92166390073964	117869	65	2014-02-01	SAMN31807700	NA	NA	FALSE	NA	NA	NA	NA	NA	NA	microbial community [PCO:1000004]	fecal material [ENVO:00002003]	fecal material [ENVO:00002003]	NA	NA	NA	NA	NA	NA	RS_GCF_027688475.1	NA	NA	human	China	China	Asia
GCF_030480465.1	NCBI	NA	NA	Bombyx mori	Lepidoptera	Insecta	silkworm intestine	NA	NA	China: Chongqing	NA	99.8	0.8	2527090	35	NA	NA	2021-11-01	NA	NA	NA	NA	NA	NA	NA	NA	NA	NA	NA	NA	NA	NA	NA	NA	NA	NA	NA	NA	NA	NA	animal	China	China	Asia
GCF_030545485.1	NCBI	NA	NA	Homo sapiens	Primates	Mammalia	transcending colon brush	Homo sapiens	NA	USA: New Hampshire	NA	99.44	1.35	2406846	35	NA	NA	2022-08-09	NA	NA	NA	NA	NA	NA	NA	NA	NA	NA	NA	NA	NA	NA	NA	NA	NA	NA	NA	NA	NA	NA	human	USA	United States	Americas
GCF_039060945.1	NCBI	NA	NA	Homo sapiens	Primates	Mammalia	feces	Homo sapiens	NA	USA: New York	NA	99.82	0.52	2426307	35	NA	NA	2022-04-08	NA	NA	NA	NA	NA	NA	NA	NA	NA	NA	NA	NA	NA	NA	NA	NA	NA	NA	NA	NA	NA	NA	human	USA	United States	Americas
GCF_039061015.1	NCBI	NA	NA	Homo sapiens	Primates	Mammalia	feces	Homo sapiens	NA	USA: New York	NA	99.56	0.73	2487692	35	NA	NA	2022-04-08	NA	NA	NA	NA	NA	NA	NA	NA	NA	NA	NA	NA	NA	NA	NA	NA	NA	NA	NA	NA	NA	NA	human	USA	United States	Americas
GCF_040516025.1	NCBI	NA	NA	Cabbage kimchi	NA	NA	Cabbage kimchi inoculated with MRS-enriched fecal LAB	NA	NA	South Korea	NA	99.44	1.62	2484036	35	NA	NA	2022	NA	NA	NA	NA	NA	NA	NA	NA	NA	NA	NA	NA	NA	NA	NA	NA	NA	NA	NA	NA	NA	NA	animal	South Korea	South Korea	Asia
GCF_050408585.1	NCBI	NA	NA	Fish	NA	Actinopterygii	intestine	fish	NA	China	NA	99.3	0.34	2419058	35	NA	NA	2023-07-11	NA	NA	NA	NA	NA	NA	NA	NA	NA	NA	NA	NA	NA	NA	NA	NA	NA	NA	NA	NA	NA	NA	animal	China	China	Asia
RS_GCF_902364565.1	GTDB	NA	d__Bacteria;p__Bacillota;c__Bacilli;o__Lactobacillales;f__Streptococcaceae;g__Lactococcus;s__Lactococcus lactis	Homo sapiens	Primates	Mammalia	human gut	NA	NA	none	NA	100	0.32	2363031	34.90546514988843	355599	15	NA	SAMEA5849728	NA	NA	FALSE	NA	NA	Lactococcus lactis	MGYG-HGUT-00226	SAMEA5849728	MGYG-HGUT-00226	human-associated habitat	NA	human gut	NA	NA	NA	NA	NA	NA	RS_GCF_902364565.1	NA	NA	human	none	None	Asia
GB_GCA_905210045.1	GTDB	NA	d__Bacteria;p__Bacillota;c__Bacilli;o__Lactobacillales;f__Streptococcaceae;g__Lactococcus;s__Lactococcus lactis	Homo sapiens	Primates	Mammalia	human gut	NA	NA	none	NA	100	0.43	2749463	34.74991298300795	124962	81	not provided	SAMEA7847198	NA	NA	FALSE	NA	NA	NA	ERR260195-bin.11	SAMEA7847198	ERR260195-bin.11	human-associated habitat	faeces	human gut	NA	NA	NA	NA	NA	NA	GB_GCA_905210045.1	NA	NA	human	none	None	NA
RS_GCF_932750895.1	GTDB	NA	d__Bacteria;p__Bacillota;c__Bacilli;o__Lactobacillales;f__Streptococcaceae;g__Lactococcus;s__Lactococcus lactis	Mus musculus	Rodentia	Mammalia	gut content	NA	NA	none	NA	100	0.04	2582571	34.89003787311172	161421	70	2019-03-15	SAMEA13256549	NA	NA	FALSE	NA	NA	NA	Lactococcus_lactis_DSM110082	SAMEA13256549	Lactococcus_lactis_DSM110082	mouse gastrointestinal tract	gut content	mouse intestine	NA	NA	NA	NA	50.776389	6.043611	RS_GCF_932750895.1	NA	NA	animal	none	None	NA
GB_GCA_937910935.1	GTDB	NA	d__Bacteria;p__Bacillota;c__Bacilli;o__Lactobacillales;f__Streptococcaceae;g__Lactococcus;s__Lactococcus cremoris	NA	NA	NA	food production metagenome	NA	NA	none	NA	99.94	1.52	2647406	35.31290629393452	50120	94	not provided	SAMEA14037263	NA	NA	FALSE	NA	NA	NA	ERR4757815_bin.5_CONCOCT_v1.1_MAG	SAMEA14037263	ERR4757815_bin.5_CONCOCT_v1.1_MAG	Engineered	Food production	Food production	NA	NA	NA	NA	NA	NA	GB_GCA_937910935.1	NA	NA	NA	none	None	NA
GB_GCA_937924215.1	GTDB	NA	d__Bacteria;p__Bacillota;c__Bacilli;o__Lactobacillales;f__Streptococcaceae;g__Lactococcus;s__Lactococcus lactis	Homo sapiens	Primates	Mammalia	human gut metagenome	NA	NA	none	NA	100	0.51	2699238	34.894181246707404	124962	75	not provided	SAMEA14084047	NA	NA	FALSE	NA	NA	NA	ERR260195_bin.69_CONCOCT_v1.1_MAG	SAMEA14084047	ERR260195_bin.69_CONCOCT_v1.1_MAG	Host-associated	Digestive system	Human	NA	NA	NA	NA	NA	NA	GB_GCA_937924215.1	NA	NA	human	none	None	NA
GB_GCA_947041925.1	GTDB	NA	d__Bacteria;p__Bacillota;c__Bacilli;o__Lactobacillales;f__Streptococcaceae;g__Lactococcus;s__Lactococcus cremoris	Fish	NA	Actinopterygii	fish gut metagenome	NA	NA	none	NA	99.98	0.55	2496862	35.588030095375714	81633	53	2013-04-30	SAMEA111404286	NA	NA	FALSE	NA	NA	NA	NA	NA	NA	Rainbow trout digestive system	Gut content	NA	Gut	NA	NA	NA	45.68	111.05	GB_GCA_947041925.1	NA	NA	animal	none	None	NA
GB_GCA_947063445.1	GTDB	NA	d__Bacteria;p__Bacillota;c__Bacilli;o__Lactobacillales;f__Streptococcaceae;g__Lactococcus;s__Lactococcus cremoris	Mus musculus	Rodentia	Mammalia	mouse gut metagenome	NA	NA	none	NA	93.64	0.83	2173936	35.548010613007925	17026	201	2012-04-01	SAMEA111465618	NA	NA	FALSE	NA	NA	NA	SRR12358629_bin.41_metawrap_v1.3_MAG	SAMEA111465618	SRR12358629_bin.41_metawrap_v1.3_MAG	mouse digestive system	feces	NA	digestive tube	NA	NA	NA	35.6762	139.6503	GB_GCA_947063445.1	NA	NA	animal	none	None	NA
GB_GCA_947072755.1	GTDB	NA	d__Bacteria;p__Bacillota;c__Bacilli;o__Lactobacillales;f__Streptococcaceae;g__Lactococcus;s__Lactococcus cremoris	Fish	NA	Actinopterygii	fish gut metagenome	NA	NA	none	NA	99.9	0.11	2341089	35.61432307784967	76002	52	not provided	SAMEA111477176	NA	NA	FALSE	NA	NA	NA	ERR5094881_bin.2_metaWRAP_v1.3_MAG	SAMEA111477176	ERR5094881_bin.2_metaWRAP_v1.3_MAG	Rainbow trout digestive system	Gut content	NA	Gut	NA	NA	NA	NA	NA	GB_GCA_947072755.1	NA	NA	animal	none	None	NA
GB_GCA_947073355.1	GTDB	NA	d__Bacteria;p__Bacillota;c__Bacilli;o__Lactobacillales;f__Streptococcaceae;g__Lactococcus;s__Lactococcus cremoris	Mus musculus	Rodentia	Mammalia	mouse gut metagenome	NA	NA	none	NA	99.99	0.52	2421895	35.503149393346945	75080	77	not provided	SAMEA111477417	NA	NA	FALSE	NA	NA	NA	SRR12464018_bin.2_metawrap_v1.3_MAG	SAMEA111477417	SRR12464018_bin.2_metawrap_v1.3_MAG	mouse digestive system	feces	NA	digestive tube	NA	NA	NA	NA	NA	GB_GCA_947073355.1	NA	NA	animal	none	None	NA
GB_GCA_947101685.1	GTDB	NA	d__Bacteria;p__Bacillota;c__Bacilli;o__Lactobacillales;f__Streptococcaceae;g__Lactococcus;s__Lactococcus cremoris	Mus musculus	Rodentia	Mammalia	mouse gut metagenome	NA	NA	none	NA	100	0.32	2369500	35.48313990293311	73792	72	2018-03-01	SAMEA111497091	NA	NA	FALSE	NA	NA	NA	SRR13827519_bin.11_metawrap_v1.3_MAG	SAMEA111497091	SRR13827519_bin.11_metawrap_v1.3_MAG	mouse digestive system	feces	NA	digestive tube	NA	NA	NA	43.043	-88.0221	GB_GCA_947101685.1	NA	NA	animal	none	None	NA
GB_GCA_947347755.1	GTDB	NA	d__Bacteria;p__Bacillota;c__Bacilli;o__Lactobacillales;f__Streptococcaceae;g__Lactococcus;s__Lactococcus lactis	Mus musculus	Rodentia	Mammalia	mouse gut metagenome	NA	NA	none	NA	99.69	0.3	2186484	34.99120048443071	18053	178	2015-10-04	SAMEA112135716	NA	NA	FALSE	NA	NA	NA	SRR14679322_bin.9_metawrap_v1.3_MAG	SAMEA112135716	SRR14679322_bin.9_metawrap_v1.3_MAG	mouse digestive system	feces	NA	digestive tube	NA	NA	NA	32.58924	-85.51009	GB_GCA_947347755.1	NA	NA	animal	none	None	NA
GB_GCA_948496745.1	GTDB	NA	d__Bacteria;p__Bacillota;c__Bacilli;o__Lactobacillales;f__Streptococcaceae;g__Lactococcus;s__Lactococcus lactis	Mus musculus	Rodentia	Mammalia	Faeces	NA	NA	none	NA	99.96	0.18	2226696	34.991444936520935	57458	91	not provided	SAMEA112391199	NA	NA	FALSE	NA	NA	NA	MGBC117633	SAMEA112391199	MGBC117633	mouse gut	Faeces	NA	mouse-associated habitat	NA	NA	NA	37.59712	127.05199	GB_GCA_948496745.1	NA	NA	animal	none	None	NA
GB_GCA_948514765.1	GTDB	NA	d__Bacteria;p__Bacillota;c__Bacilli;o__Lactobacillales;f__Streptococcaceae;g__Lactococcus;s__Lactococcus lactis	Mus musculus	Rodentia	Mammalia	Faeces	NA	NA	none	NA	97.65	1.27	2215457	34.888110659995185	53955	108	not provided	SAMEA112391140	NA	NA	FALSE	NA	NA	NA	MGBC117572	SAMEA112391140	MGBC117572	mouse gut	Faeces	NA	mouse-associated habitat	NA	NA	NA	37.59712	127.05199	GB_GCA_948514765.1	NA	NA	animal	none	None	NA
GB_GCA_948544615.1	GTDB	NA	d__Bacteria;p__Bacillota;c__Bacilli;o__Lactobacillales;f__Streptococcaceae;g__Lactococcus;s__Lactococcus lactis	Mus musculus	Rodentia	Mammalia	Faeces	NA	NA	none	NA	99.99	0.8	2281780	35.00604830842471	56308	97	not provided	SAMEA112391186	NA	NA	FALSE	NA	NA	NA	MGBC117619	SAMEA112391186	MGBC117619	mouse gut	Faeces	NA	mouse-associated habitat	NA	NA	NA	37.59712	127.05199	GB_GCA_948544615.1	NA	NA	animal	none	None	NA
GB_GCA_948619675.1	GTDB	NA	d__Bacteria;p__Bacillota;c__Bacilli;o__Lactobacillales;f__Streptococcaceae;g__Lactococcus;s__Lactococcus lactis	Mus musculus	Rodentia	Mammalia	Faeces	NA	NA	none	NA	93.37	3.11	2186892	34.90590004860913	10826	397	not provided	SAMEA112376319	NA	NA	FALSE	NA	NA	NA	MGBC102352	SAMEA112376319	MGBC102352	mouse gut	Faeces	NA	mouse-associated habitat	NA	NA	NA	31.90785	34.81334	GB_GCA_948619675.1	NA	NA	animal	none	None	NA
GB_GCA_948622745.1	GTDB	NA	d__Bacteria;p__Bacillota;c__Bacilli;o__Lactobacillales;f__Streptococcaceae;g__Lactococcus;s__Lactococcus lactis	Mus musculus	Rodentia	Mammalia	Faeces	NA	NA	none	NA	95.74	0.38	2140117	35.142345212024686	14920	329	not provided	SAMEA112390395	NA	NA	FALSE	NA	NA	NA	MGBC116806	SAMEA112390395	MGBC116806	mouse gut	Faeces	NA	mouse-associated habitat	NA	NA	NA	37.59712	127.05199	GB_GCA_948622745.1	NA	NA	animal	none	None	NA
GB_GCA_948644855.1	GTDB	NA	d__Bacteria;p__Bacillota;c__Bacilli;o__Lactobacillales;f__Streptococcaceae;g__Lactococcus;s__Lactococcus lactis	Mus musculus	Rodentia	Mammalia	Faeces	NA	NA	none	NA	99.96	0.51	2301244	35.04257588915129	23124	201	not provided	SAMEA112391301	NA	NA	FALSE	NA	NA	NA	MGBC117736	SAMEA112391301	MGBC117736	mouse gut	Faeces	NA	mouse-associated habitat	NA	NA	NA	37.59712	127.05199	GB_GCA_948644855.1	NA	NA	animal	none	None	NA
GB_GCA_948654415.1	GTDB	NA	d__Bacteria;p__Bacillota;c__Bacilli;o__Lactobacillales;f__Streptococcaceae;g__Lactococcus;s__Lactococcus lactis	Mus musculus	Rodentia	Mammalia	Faeces	NA	NA	none	NA	100	0.95	2459712	34.940154356953094	76936	92	not provided	SAMEA112376279	NA	NA	FALSE	NA	NA	NA	MGBC102312	SAMEA112376279	MGBC102312	mouse gut	Faeces	NA	mouse-associated habitat	NA	NA	NA	31.90785	34.81334	GB_GCA_948654415.1	NA	NA	animal	none	None	NA
GB_GCA_948655095.1	GTDB	NA	d__Bacteria;p__Bacillota;c__Bacilli;o__Lactobacillales;f__Streptococcaceae;g__Lactococcus;s__Lactococcus cremoris	Mus musculus	Rodentia	Mammalia	Faeces	NA	NA	none	NA	99.99	1.54	2397815	35.537802733702804	50218	88	not provided	SAMEA112390266	NA	NA	FALSE	NA	NA	NA	MGBC116674	SAMEA112390266	MGBC116674	mouse gut	Faeces	NA	mouse-associated habitat	NA	NA	NA	40.7128	-74.0059	GB_GCA_948655095.1	NA	NA	animal	none	None	NA
GB_GCA_948672875.1	GTDB	NA	d__Bacteria;p__Bacillota;c__Bacilli;o__Lactobacillales;f__Streptococcaceae;g__Lactococcus;s__Lactococcus lactis	Mus musculus	Rodentia	Mammalia	Faeces	NA	NA	none	NA	91.59	1.3	2074741	35.239230371364506	18531	233	not provided	SAMEA112391340	NA	NA	FALSE	NA	NA	NA	MGBC117776	SAMEA112391340	MGBC117776	mouse gut	Faeces	NA	mouse-associated habitat	NA	NA	NA	37.59712	127.05199	GB_GCA_948672875.1	NA	NA	animal	none	None	NA
GB_GCA_948674145.1	GTDB	NA	d__Bacteria;p__Bacillota;c__Bacilli;o__Lactobacillales;f__Streptococcaceae;g__Lactococcus;s__Lactococcus lactis	Mus musculus	Rodentia	Mammalia	Faeces	NA	NA	none	NA	100	0.18	2425906	34.9074858850223	52544	94	not provided	SAMEA112376254	NA	NA	FALSE	NA	NA	NA	MGBC102287	SAMEA112376254	MGBC102287	mouse gut	Faeces	NA	mouse-associated habitat	NA	NA	NA	31.90785	34.81334	GB_GCA_948674145.1	NA	NA	animal	none	None	NA
GB_GCA_948675165.1	GTDB	NA	d__Bacteria;p__Bacillota;c__Bacilli;o__Lactobacillales;f__Streptococcaceae;g__Lactococcus;s__Lactococcus cremoris	Mus musculus	Rodentia	Mammalia	Faeces	NA	NA	none	NA	99.99	0.87	2385521	35.54222196693585	54974	76	not provided	SAMEA112390279	NA	NA	FALSE	NA	NA	NA	MGBC116688	SAMEA112390279	MGBC116688	mouse gut	Faeces	NA	mouse-associated habitat	NA	NA	NA	40.7128	-74.0059	GB_GCA_948675165.1	NA	NA	animal	none	None	NA
GB_GCA_948698275.1	GTDB	NA	d__Bacteria;p__Bacillota;c__Bacilli;o__Lactobacillales;f__Streptococcaceae;g__Lactococcus;s__Lactococcus cremoris	Mus musculus	Rodentia	Mammalia	Faeces	NA	NA	none	NA	100	0.2	2665548	35.75494064027006	42532	176	not provided	SAMEA112390298	NA	NA	FALSE	NA	NA	NA	MGBC116708	SAMEA112390298	MGBC116708	mouse gut	Faeces	NA	mouse-associated habitat	NA	NA	NA	40.7128	-74.0059	GB_GCA_948698275.1	NA	NA	animal	none	None	NA
GB_GCA_948700895.1	GTDB	NA	d__Bacteria;p__Bacillota;c__Bacilli;o__Lactobacillales;f__Streptococcaceae;g__Lactococcus;s__Lactococcus lactis	Mus musculus	Rodentia	Mammalia	Faeces	NA	NA	none	NA	100	0.85	2394489	34.966729714480685	76815	70	not provided	SAMEA112376288	NA	NA	FALSE	NA	NA	NA	MGBC102321	SAMEA112376288	MGBC102321	mouse gut	Faeces	NA	mouse-associated habitat	NA	NA	NA	31.90785	34.81334	GB_GCA_948700895.1	NA	NA	animal	none	None	NA
GB_GCA_948703095.1	GTDB	NA	d__Bacteria;p__Bacillota;c__Bacilli;o__Lactobacillales;f__Streptococcaceae;g__Lactococcus;s__Lactococcus cremoris	Mus musculus	Rodentia	Mammalia	Faeces	NA	NA	none	NA	99.58	0.16	2125084	35.61317165225218	13508	310	not provided	SAMEA112380389	NA	NA	FALSE	NA	NA	NA	MGBC106526	SAMEA112380389	MGBC106526	mouse gut	Faeces	NA	mouse-associated habitat	NA	NA	NA	22.55545	114.05433	GB_GCA_948703095.1	NA	NA	animal	none	None	NA
GB_GCA_948718815.1	GTDB	NA	d__Bacteria;p__Bacillota;c__Bacilli;o__Lactobacillales;f__Streptococcaceae;g__Lactococcus;s__Lactococcus cremoris	Mus musculus	Rodentia	Mammalia	Faeces	NA	NA	none	NA	99.99	0.16	2392332	35.532785445860995	50218	90	not provided	SAMEA112390291	NA	NA	FALSE	NA	NA	NA	MGBC116701	SAMEA112390291	MGBC116701	mouse gut	Faeces	NA	mouse-associated habitat	NA	NA	NA	40.7128	-74.0059	GB_GCA_948718815.1	NA	NA	animal	none	None	NA
GB_GCA_948741555.1	GTDB	NA	d__Bacteria;p__Bacillota;c__Bacilli;o__Lactobacillales;f__Streptococcaceae;g__Lactococcus;s__Lactococcus lactis	Mus musculus	Rodentia	Mammalia	Faeces	NA	NA	none	NA	100	1.12	2466609	34.969354007535706	63019	104	not provided	SAMEA112376285	NA	NA	FALSE	NA	NA	NA	MGBC102318	SAMEA112376285	MGBC102318	mouse gut	Faeces	NA	mouse-associated habitat	NA	NA	NA	31.90785	34.81334	GB_GCA_948741555.1	NA	NA	animal	none	None	NA
GB_GCA_948748415.1	GTDB	NA	d__Bacteria;p__Bacillota;c__Bacilli;o__Lactobacillales;f__Streptococcaceae;g__Lactococcus;s__Lactococcus lactis	Mus musculus	Rodentia	Mammalia	Faeces	NA	NA	none	NA	100	0.63	2431218	34.91347849449536	40481	123	not provided	SAMEA112376341	NA	NA	FALSE	NA	NA	NA	MGBC102374	SAMEA112376341	MGBC102374	mouse gut	Faeces	NA	mouse-associated habitat	NA	NA	NA	31.90785	34.81334	GB_GCA_948748415.1	NA	NA	animal	none	None	NA
GB_GCA_948777995.1	GTDB	NA	d__Bacteria;p__Bacillota;c__Bacilli;o__Lactobacillales;f__Streptococcaceae;g__Lactococcus;s__Lactococcus lactis	Mus musculus	Rodentia	Mammalia	Faeces	NA	NA	none	NA	99.97	0.14	2394630	34.87846321133268	44558	149	not provided	SAMEA112390541	NA	NA	FALSE	NA	NA	NA	MGBC116959	SAMEA112390541	MGBC116959	mouse gut	Faeces	NA	mouse-associated habitat	NA	NA	NA	37.59712	127.05199	GB_GCA_948777995.1	NA	NA	animal	none	None	NA
GB_GCA_948850205.1	GTDB	NA	d__Bacteria;p__Bacillota;c__Bacilli;o__Lactobacillales;f__Streptococcaceae;g__Lactococcus;s__Lactococcus lactis	Mus musculus	Rodentia	Mammalia	Faeces	NA	NA	none	NA	92.83	1.47	2099169	35.02528857848034	35421	103	not provided	SAMEA112390593	NA	NA	FALSE	NA	NA	NA	MGBC117014	SAMEA112390593	MGBC117014	mouse gut	Faeces	NA	mouse-associated habitat	NA	NA	NA	37.59712	127.05199	GB_GCA_948850205.1	NA	NA	animal	none	None	NA
GB_GCA_948896515.1	GTDB	NA	d__Bacteria;p__Bacillota;c__Bacilli;o__Lactobacillales;f__Streptococcaceae;g__Lactococcus;s__Lactococcus lactis	Mus musculus	Rodentia	Mammalia	Faeces	NA	NA	none	NA	100	0.53	2373415	34.930249493654564	73620	64	not provided	SAMEA112390814	NA	NA	FALSE	NA	NA	NA	MGBC117237	SAMEA112390814	MGBC117237	mouse gut	Faeces	NA	mouse-associated habitat	NA	NA	NA	37.59712	127.05199	GB_GCA_948896515.1	NA	NA	animal	none	None	NA
GB_GCA_948995465.1	GTDB	NA	d__Bacteria;p__Bacillota;c__Bacilli;o__Lactobacillales;f__Streptococcaceae;g__Lactococcus;s__Lactococcus lactis	Mus musculus	Rodentia	Mammalia	Faeces	NA	NA	none	NA	100	0.77	2391178	34.9010627998303	65369	72	not provided	SAMEA112390797	NA	NA	FALSE	NA	NA	NA	MGBC117220	SAMEA112390797	MGBC117220	mouse gut	Faeces	NA	mouse-associated habitat	NA	NA	NA	37.59712	127.05199	GB_GCA_948995465.1	NA	NA	animal	none	None	NA
GB_GCA_949006045.1	GTDB	NA	d__Bacteria;p__Bacillota;c__Bacilli;o__Lactobacillales;f__Streptococcaceae;g__Lactococcus;s__Lactococcus lactis	Mus musculus	Rodentia	Mammalia	Faeces	NA	NA	none	NA	92.4	0.26	2044191	35.26333147492324	10444	372	not provided	SAMEA112390751	NA	NA	FALSE	NA	NA	NA	MGBC117174	SAMEA112390751	MGBC117174	mouse gut	Faeces	NA	mouse-associated habitat	NA	NA	NA	37.59712	127.05199	GB_GCA_949006045.1	NA	NA	animal	none	None	NA
GB_GCA_949028585.1	GTDB	NA	d__Bacteria;p__Bacillota;c__Bacilli;o__Lactobacillales;f__Streptococcaceae;g__Lactococcus;s__Lactococcus lactis	Mus musculus	Rodentia	Mammalia	Faeces	NA	NA	none	NA	100	0.6	2472138	34.81404147698533	58252	85	not provided	SAMEA112390909	NA	NA	FALSE	NA	NA	NA	MGBC117335	SAMEA112390909	MGBC117335	mouse gut	Faeces	NA	mouse-associated habitat	NA	NA	NA	37.59712	127.05199	GB_GCA_949028585.1	NA	NA	animal	none	None	NA
GB_GCA_949428005.1	GTDB	NA	d__Bacteria;p__Bacillota;c__Bacilli;o__Lactobacillales;f__Streptococcaceae;g__Lactococcus;s__Lactococcus lactis	Mus musculus	Rodentia	Mammalia	mouse gut metagenome	NA	NA	none	NA	91.52	0.33	2036534	35.217678663847494	20749	167	not provided	SAMEA112718961	NA	NA	FALSE	NA	NA	NA	extra-ERR2059950.31_1677762699	SAMEA112718961	extra-ERR2059950.31_1677762699	mouse digestive system	feces	NA	mouse gut	NA	NA	NA	NA	NA	GB_GCA_949428005.1	NA	NA	animal	none	None	NA
GB_GCA_949439745.1	GTDB	NA	d__Bacteria;p__Bacillota;c__Bacilli;o__Lactobacillales;f__Streptococcaceae;g__Lactococcus;s__Lactococcus lactis	Mus musculus	Rodentia	Mammalia	mouse gut metagenome	NA	NA	none	NA	99.95	0.32	2183980	35.09798624529529	36713	100	not provided	SAMEA112718985	NA	NA	FALSE	NA	NA	NA	extra-ERR2059951.6_1677762709	SAMEA112718985	extra-ERR2059951.6_1677762709	mouse digestive system	feces	NA	mouse gut	NA	NA	NA	NA	NA	GB_GCA_949439745.1	NA	NA	animal	none	None	NA
GB_GCA_949444485.1	GTDB	NA	d__Bacteria;p__Bacillota;c__Bacilli;o__Lactobacillales;f__Streptococcaceae;g__Lactococcus;s__Lactococcus lactis	Mus musculus	Rodentia	Mammalia	mouse gut metagenome	NA	NA	none	NA	99.25	0.55	2098968	35.27833678264747	30909	133	not provided	SAMEA112719033	NA	NA	FALSE	NA	NA	NA	extra-ERR2059952.50_1677762729	SAMEA112719033	extra-ERR2059952.50_1677762729	mouse digestive system	feces	NA	mouse gut	NA	NA	NA	NA	NA	GB_GCA_949444485.1	NA	NA	animal	none	None	NA
GB_GCA_949460315.1	GTDB	NA	d__Bacteria;p__Bacillota;c__Bacilli;o__Lactobacillales;f__Streptococcaceae;g__Lactococcus;s__Lactococcus lactis	Mus musculus	Rodentia	Mammalia	mouse gut metagenome	NA	NA	none	NA	98.93	0.24	2077038	35.18852327208265	21320	169	not provided	SAMEA112718117	NA	NA	FALSE	NA	NA	NA	extra-ERR2059929.10_1677761287	SAMEA112718117	extra-ERR2059929.10_1677761287	mouse digestive system	feces	NA	mouse gut	NA	NA	NA	NA	NA	GB_GCA_949460315.1	NA	NA	animal	none	None	NA
GB_GCA_949462505.1	GTDB	NA	d__Bacteria;p__Bacillota;c__Bacilli;o__Lactobacillales;f__Streptococcaceae;g__Lactococcus;s__Lactococcus lactis	Mus musculus	Rodentia	Mammalia	mouse gut metagenome	NA	NA	none	NA	90.98	2.96	2094108	35.085678484586275	11083	311	not provided	SAMEA112718592	NA	NA	FALSE	NA	NA	NA	extra-ERR2059941.20_1677761479	SAMEA112718592	extra-ERR2059941.20_1677761479	mouse digestive system	feces	NA	mouse gut	NA	NA	NA	NA	NA	GB_GCA_949462505.1	NA	NA	animal	none	None	NA
GB_GCA_949470665.1	GTDB	NA	d__Bacteria;p__Bacillota;c__Bacilli;o__Lactobacillales;f__Streptococcaceae;g__Lactococcus;s__Lactococcus lactis	Mus musculus	Rodentia	Mammalia	mouse gut metagenome	NA	NA	none	NA	96.43	1.49	2061101	35.21981698131241	22908	170	not provided	SAMEA112718479	NA	NA	FALSE	NA	NA	NA	extra-ERR2059938.18_1677761433	SAMEA112718479	extra-ERR2059938.18_1677761433	mouse digestive system	feces	NA	mouse gut	NA	NA	NA	NA	NA	GB_GCA_949470665.1	NA	NA	animal	none	None	NA
GB_GCA_949840595.1	GTDB	NA	d__Bacteria;p__Bacillota;c__Bacilli;o__Lactobacillales;f__Streptococcaceae;g__Lactococcus;s__Lactococcus lactis	Mus musculus	Rodentia	Mammalia	mouse gut metagenome	NA	NA	none	NA	99.96	0.16	2117040	35.00566829157692	49326	82	not provided	SAMEA112936101	NA	NA	FALSE	NA	NA	NA	MGG02528_1680015497	SAMEA112936101	MGG02528_1680015497	Host-associated	Feces	NA	Mouse digestive system	NA	NA	NA	NA	NA	GB_GCA_949840595.1	NA	NA	animal	none	None	NA
GB_GCA_958421465.1	GTDB	NA	d__Bacteria;p__Bacillota;c__Bacilli;o__Lactobacillales;f__Streptococcaceae;g__Lactococcus;s__Lactococcus lactis	Homo sapiens	Primates	Mammalia	human feces metagenome	NA	NA	none	NA	96.72	0.2	2230498	34.997386233926235	45111	80	2018	SAMEA114063391	NA	NA	FALSE	NA	NA	NA	ERR9578277_bin.11_MetaWRAP_v1.3_MAG	SAMEA114063391	ERR9578277_bin.11_MetaWRAP_v1.3_MAG	Human digestive system	faeces	NA	colon	NA	NA	NA	48.5216364	9.0576448	GB_GCA_958421465.1	NA	NA	human	none	None	NA
EHM013277	EHI	s__Lactococcus lactis	NA	Podarcis muralis	Squamata	Reptilia	host-associated	NA	NA	France	Occitanie, Tourmalet	100	0	2305439	34.8	199102	16	NA	NA	EHA00364_bin.25.fa	EHA00364	NA	NA	NA	NA	NA	NA	NA	NA	NA	NA	NA	NA	NA	NA	NA	NA	NA	NA	NA	animal	France	France	Europe
EHM015868	EHI	s__Lactococcus lactis	NA	Podarcis muralis	Squamata	Reptilia	host-associated	NA	NA	France	Occitanie, Sentein	100	0.57	2394853	34.8	206606	19	NA	NA	EHA00350_bin.27.fa	EHA00350	NA	NA	NA	NA	NA	NA	NA	NA	NA	NA	NA	NA	NA	NA	NA	NA	NA	NA	NA	animal	France	France	Europe
EHM016594	EHI	s__Lactococcus lactis	NA	Hipposideros ruber	Chiroptera	Mammalia	host-associated	NA	NA	Equatorial Guinea	Rio Muni	99.24	1.89	2192958	34.9	71364	54	NA	NA	EHA00567_bin.9.fa	EHA00567	NA	NA	NA	NA	NA	NA	NA	NA	NA	NA	NA	NA	NA	NA	NA	NA	NA	NA	NA	animal	Equatorial Guinea	Equatorial Guinea	Africa
EHM017294	EHI	s__Lactococcus lactis	NA	Rhinolophus euryale	Chiroptera	Mammalia	host-associated	NA	NA	Spain	Catalonia, Cova Rocafesa	100	1.14	2583348	34.7	233163	21	NA	NA	EHA00776_bin.9.fa	EHA00776	NA	NA	NA	NA	NA	NA	NA	NA	NA	NA	NA	NA	NA	NA	NA	NA	NA	NA	NA	animal	Spain	Spain	Europe
EHM019886	EHI	s__Lactococcus lactis	NA	Plecotus auritus	Chiroptera	Mammalia	host-associated	NA	NA	Norway	Viken	96.21	0.32	2419581	34.9	135219	32	NA	NA	EHA00211_bin.10.fa	EHA00211	NA	NA	NA	NA	NA	NA	NA	NA	NA	NA	NA	NA	NA	NA	NA	NA	NA	NA	NA	animal	Norway	Norway	Europe
EHM020035	EHI	s__Lactococcus lactis	NA	Plecotus auritus	Chiroptera	Mammalia	host-associated	NA	NA	Germany	Berlin-Brandenburg	98.86	0.95	2309135	34.8	36284	107	NA	NA	EHA00169_bin.40.fa	EHA00169	NA	NA	NA	NA	NA	NA	NA	NA	NA	NA	NA	NA	NA	NA	NA	NA	NA	NA	NA	animal	Germany	Germany	Europe
EHM025059	EHI	s__Lactococcus lactis	NA	Podarcis muralis	Squamata	Reptilia	host-associated	NA	NA	France	Occitanie, Sentein	100	0.57	2343375	34.9	206606	16	NA	NA	EHA01453_bin.48.fa	EHA01453	NA	NA	NA	NA	NA	NA	NA	NA	NA	NA	NA	NA	NA	NA	NA	NA	NA	NA	NA	animal	France	France	Europe
EHM025679	EHI	s__Lactococcus lactis	NA	Podarcis muralis	Squamata	Reptilia	host-associated	NA	NA	France	Occitanie, Tourmalet	99.93	0	2310490	34.8	145897	22	NA	NA	EHA01477_bin.63.fa	EHA01477	NA	NA	NA	NA	NA	NA	NA	NA	NA	NA	NA	NA	NA	NA	NA	NA	NA	NA	NA	animal	France	France	Europe
EHM027656	EHI	s__Lactococcus lactis	NA	Cathartes aura	Accipitriformes	Aves	host-associated	NA	NA	United States	Florida, 4.1 mi N of Brooker	95.52	1.26	2040196	35	9630	292	NA	NA	EHA01634_bin.31.fa	EHA01634	NA	NA	NA	NA	NA	NA	NA	NA	NA	NA	NA	NA	NA	NA	NA	NA	NA	NA	NA	animal	United States	United States	Americas
EHM028200	EHI	s__Lactococcus lactis	NA	Cathartes aura	Accipitriformes	Aves	host-associated	NA	NA	United States	Florida, 4.1 mi N of Brooker	99.62	0.36	2218744	35	33136	110	NA	NA	EHA01709_bin.8.fa	EHA01709	NA	NA	NA	NA	NA	NA	NA	NA	NA	NA	NA	NA	NA	NA	NA	NA	NA	NA	NA	animal	United States	United States	Americas
EHM028346	EHI	s__Lactococcus lactis	NA	Plecotus auritus	Chiroptera	Mammalia	host-associated	NA	NA	Germany	Berlin-Brandenburg	99.96	1.55	2654943	35	14832	288	NA	NA	EHA01288_bin.1.fa	EHA01288	NA	NA	NA	NA	NA	NA	NA	NA	NA	NA	NA	NA	NA	NA	NA	NA	NA	NA	NA	animal	Germany	Germany	Europe
EHM028354	EHI	s__Lactococcus lactis	NA	Plecotus auritus	Chiroptera	Mammalia	host-associated	NA	NA	Germany	Berlin-Brandenburg	100	0.32	2450476	35	48754	85	NA	NA	EHA01290_bin.3.fa	EHA01290	NA	NA	NA	NA	NA	NA	NA	NA	NA	NA	NA	NA	NA	NA	NA	NA	NA	NA	NA	animal	Germany	Germany	Europe
EHM028422	EHI	s__Lactococcus lactis	NA	Plecotus auritus	Chiroptera	Mammalia	host-associated	NA	NA	Germany	Berlin-Brandenburg	100	0.21	2450464	35	178309	23	NA	NA	EHA01289_bin.3.fa	EHA01289	NA	NA	NA	NA	NA	NA	NA	NA	NA	NA	NA	NA	NA	NA	NA	NA	NA	NA	NA	animal	Germany	Germany	Europe
EHM031001	EHI	s__Lactococcus lactis	NA	Canis lupus	Carnivora	Mammalia	host-associated	NA	NA	Greenland	Ittoqqortoormii	100	0.06	2262278	35	82765	41	NA	NA	EHA01905_bin.2.fa	EHA01905	NA	NA	NA	NA	NA	NA	NA	NA	NA	NA	NA	NA	NA	NA	NA	NA	NA	NA	NA	animal	Greenland	Greenland	Americas
EHM031128	EHI	s__Lactococcus lactis	NA	Canis lupus	Carnivora	Mammalia	host-associated	NA	NA	Greenland	Ittoqqortoormii	100	0.07	2270986	35	195018	26	NA	NA	EHA01928_bin.8.fa	EHA01928	NA	NA	NA	NA	NA	NA	NA	NA	NA	NA	NA	NA	NA	NA	NA	NA	NA	NA	NA	animal	Greenland	Greenland	Americas
EHM031160	EHI	s__Lactococcus lactis	NA	Canis lupus	Carnivora	Mammalia	host-associated	NA	NA	Greenland	Ittoqqortoormii	100	0.06	2263829	35	134814	28	NA	NA	EHA01900_bin.1.fa	EHA01900	NA	NA	NA	NA	NA	NA	NA	NA	NA	NA	NA	NA	NA	NA	NA	NA	NA	NA	NA	animal	Greenland	Greenland	Americas
EHM031663	EHI	s__Lactococcus lactis	NA	Canis lupus	Carnivora	Mammalia	host-associated	NA	NA	Greenland	Ittoqqortoormii	100	0.12	2313944	35	199338	29	NA	NA	EHA01958_bin.118.fa	EHA01958	NA	NA	NA	NA	NA	NA	NA	NA	NA	NA	NA	NA	NA	NA	NA	NA	NA	NA	NA	animal	Greenland	Greenland	Americas
EHM034137	EHI	s__Lactococcus lactis	NA	Myotis bechsteinii	Chiroptera	Mammalia	host-associated	NA	NA	Italy	Lombardy, GrottaMarelli	97.03	1.77	2733714	35	44275	146	NA	NA	EHA02205_bin.53.fa	EHA02205	NA	NA	NA	NA	NA	NA	NA	NA	NA	NA	NA	NA	NA	NA	NA	NA	NA	NA	NA	animal	Italy	Italy	Europe
EHM040253	EHI	s__Lactococcus lactis	NA	Cathartes aura	Accipitriformes	Aves	host-associated	NA	NA	United States	Florida, Lake Butler	100	0.13	2318333	35	264097	19	NA	NA	EHA02637_bin.63.fa	EHA02637	NA	NA	NA	NA	NA	NA	NA	NA	NA	NA	NA	NA	NA	NA	NA	NA	NA	NA	NA	animal	United States	United States	Americas
EHM041306	EHI	s__Lactococcus lactis	NA	NA	Chiroptera	Mammalia	host-associated	NA	NA	Equatorial Guinea	Rio Muni	100	1.95	2591553	35	42494	105	NA	NA	EHA02678_bin.1.fa	EHA02678	NA	NA	NA	NA	NA	NA	NA	NA	NA	NA	NA	NA	NA	NA	NA	NA	NA	NA	NA	NA	Equatorial Guinea	Equatorial Guinea	Africa
EHM041731	EHI	s__Lactococcus lactis	NA	Barbastella barbastellus	Chiroptera	Mammalia	host-associated	NA	NA	Spain	Catalonia	99.99	0.12	2324758	35	154464	19	NA	NA	EHA02757_bin.12.fa	EHA02757	NA	NA	NA	NA	NA	NA	NA	NA	NA	NA	NA	NA	NA	NA	NA	NA	NA	NA	NA	animal	Spain	Spain	Europe
EHM042508	EHI	s__Lactococcus lactis	NA	Nyctalus noctula	Chiroptera	Mammalia	host-associated	NA	NA	Bulgaria	Lovech	99.99	1.64	2376588	35	54822	70	NA	NA	EHA02839_bin.13.fa	EHA02839	NA	NA	NA	NA	NA	NA	NA	NA	NA	NA	NA	NA	NA	NA	NA	NA	NA	NA	NA	animal	Bulgaria	Bulgaria	Europe
EHM043079	EHI	s__Lactococcus lactis	NA	Rhinolophus euryale	Chiroptera	Mammalia	host-associated	NA	NA	Spain	Catalonia, Cova Pasteral	100	0.21	2375672	35	86252	45	NA	NA	EHA02940_bin.1.fa	EHA02940	NA	NA	NA	NA	NA	NA	NA	NA	NA	NA	NA	NA	NA	NA	NA	NA	NA	NA	NA	animal	Spain	Spain	Europe
EHM044953	EHI	s__Lactococcus lactis	NA	Plecotus auritus	Chiroptera	Mammalia	host-associated	NA	NA	Germany	Berlin-Brandenburg	99.97	0.8	2779438	35	83340	75	NA	NA	EHA03003_bin.4.fa	EHA03003	NA	NA	NA	NA	NA	NA	NA	NA	NA	NA	NA	NA	NA	NA	NA	NA	NA	NA	NA	animal	Germany	Germany	Europe
EHM045744	EHI	s__Lactococcus lactis	NA	Plecotus auritus	Chiroptera	Mammalia	host-associated	NA	NA	France	NORMANDIE	98.93	0.54	2127456	35	27088	121	NA	NA	EHA03094_bin.3.fa	EHA03094	NA	NA	NA	NA	NA	NA	NA	NA	NA	NA	NA	NA	NA	NA	NA	NA	NA	NA	NA	animal	France	France	Europe
EHM045766	EHI	s__Lactococcus lactis	NA	Plecotus auritus	Chiroptera	Mammalia	host-associated	NA	NA	France	AUVERGNE-RHONE-ALPES	100	0.2	2556797	35	291327	19	NA	NA	EHA03098_bin.3.fa	EHA03098	NA	NA	NA	NA	NA	NA	NA	NA	NA	NA	NA	NA	NA	NA	NA	NA	NA	NA	NA	animal	France	France	Europe
EHM045845	EHI	s__Lactococcus lactis	NA	Plecotus auritus	Chiroptera	Mammalia	host-associated	NA	NA	France	NORMANDIE	100	0.07	2298823	35	44538	86	NA	NA	EHA03117_bin.25.fa	EHA03117	NA	NA	NA	NA	NA	NA	NA	NA	NA	NA	NA	NA	NA	NA	NA	NA	NA	NA	NA	animal	France	France	Europe
EHM046343	EHI	s__Lactococcus lactis	NA	Plecotus auritus	Chiroptera	Mammalia	host-associated	NA	NA	France	AUVERGNE-RHONE-ALPES	100	0.08	2487774	35	291327	17	NA	NA	EHA03124_bin.17.fa	EHA03124	NA	NA	NA	NA	NA	NA	NA	NA	NA	NA	NA	NA	NA	NA	NA	NA	NA	NA	NA	animal	France	France	Europe
EHM046444	EHI	s__Lactococcus lactis	NA	Cathartes aura	Accipitriformes	Aves	host-associated	NA	NA	United States	Florida, Lake Butler	99.99	0.16	2305033	35	175908	20	NA	NA	EHA03161_bin.38.fa	EHA03161	NA	NA	NA	NA	NA	NA	NA	NA	NA	NA	NA	NA	NA	NA	NA	NA	NA	NA	NA	animal	United States	United States	Americas
EHM056391	EHI	s__Lactococcus lactis	NA	Rhinolophus landeri	Chiroptera	Mammalia	host-associated	NA	NA	Equatorial Guinea	Rio Muni	99.97	0.12	2329367	35	16742	225	NA	NA	EHA04022_bin.2.fa	EHA04022	NA	NA	NA	NA	NA	NA	NA	NA	NA	NA	NA	NA	NA	NA	NA	NA	NA	NA	NA	animal	Equatorial Guinea	Equatorial Guinea	Africa
EHM056528	EHI	s__Lactococcus lactis	NA	Rhinolophus euryale	Chiroptera	Mammalia	host-associated	NA	NA	Spain	Catalonia, Cova Rocafesa	99.98	0.73	2153189	35	48997	59	NA	NA	EHA04063_bin.14.fa	EHA04063	NA	NA	NA	NA	NA	NA	NA	NA	NA	NA	NA	NA	NA	NA	NA	NA	NA	NA	NA	animal	Spain	Spain	Europe
EHM056720	EHI	s__Lactococcus lactis	NA	Hipposideros ruber	Chiroptera	Mammalia	host-associated	NA	NA	Equatorial Guinea	Rio Muni	99.99	1.18	3234287	35	25915	375	NA	NA	EHA04125_bin.32.fa	EHA04125	NA	NA	NA	NA	NA	NA	NA	NA	NA	NA	NA	NA	NA	NA	NA	NA	NA	NA	NA	animal	Equatorial Guinea	Equatorial Guinea	Africa
EHM057270	EHI	s__Lactococcus lactis	NA	Rhinolophus hipposideros	Chiroptera	Mammalia	host-associated	NA	NA	Spain	Catalonia, Cova de Rialb	100	0.35	3357066	37	200628	351	NA	NA	EHA04072_bin.16.fa	EHA04072	NA	NA	NA	NA	NA	NA	NA	NA	NA	NA	NA	NA	NA	NA	NA	NA	NA	NA	NA	animal	Spain	Spain	Europe
EHM057831	EHI	s__Lactococcus lactis	NA	Myotis bechsteinii	Chiroptera	Mammalia	host-associated	NA	NA	Spain	Catalonia, Avenc Montserrat Ubach	99.92	1.83	2797761	35	42839	141	NA	NA	EHA04140_bin.71.fa	EHA04140	NA	NA	NA	NA	NA	NA	NA	NA	NA	NA	NA	NA	NA	NA	NA	NA	NA	NA	NA	animal	Spain	Spain	Europe
EHM066565	EHI	s__Lactococcus lactis	NA	Plecotus auritus	Chiroptera	Mammalia	host-associated	NA	NA	Poland	Łomża	99.49	0.78	2278074	35	106384	44	NA	NA	EHA04717_bin.1.fa	EHA04717	NA	NA	NA	NA	NA	NA	NA	NA	NA	NA	NA	NA	NA	NA	NA	NA	NA	NA	NA	animal	Poland	Poland	Europe
EHM066683	EHI	s__Lactococcus lactis	NA	Plecotus auritus	Chiroptera	Mammalia	host-associated	NA	NA	Poland	Łomża	99.77	0.62	2028411	35	28754	108	NA	NA	EHA04721_bin.5.fa	EHA04721	NA	NA	NA	NA	NA	NA	NA	NA	NA	NA	NA	NA	NA	NA	NA	NA	NA	NA	NA	animal	Poland	Poland	Europe
EHM071389	EHI	s__Lactococcus lactis	NA	Podarcis filfolensis	Squamata	Reptilia	host-associated	NA	NA	Malta	Ggantija	94.34	2.43	2670309	35	7274	529	NA	NA	EHA04963_bin.147.fa	EHA04963	NA	NA	NA	NA	NA	NA	NA	NA	NA	NA	NA	NA	NA	NA	NA	NA	NA	NA	NA	animal	Malta	Malta	Europe
EHM079037	EHI	s__Lactococcus lactis	NA	Myotis bechsteinii	Chiroptera	Mammalia	host-associated	NA	NA	Spain	Catalonia, Avenc Montserrat Ubach	98.85	0.21	2454428	36	147833	36	NA	NA	EHA05266_bin.85.fa	EHA05266	NA	NA	NA	NA	NA	NA	NA	NA	NA	NA	NA	NA	NA	NA	NA	NA	NA	NA	NA	animal	Spain	Spain	Europe
