BioSample	ENA first public	ENA last update	ENA-CHECKLIST	ENA-FIRST-PUBLIC	ENA-LAST-UPDATE	External Id	INSDC center alias	INSDC center name	INSDC first public	INSDC last update	INSDC status	Submitter Id	altitude	assembly quality	assembly software	binning parameters	binning software	biomaterial_provider	broker name	collected_by	collection_date	common name	completeness score	completeness software	contamination score	culture_collection	depth	derived_from	env_broad_scale	env_local_scale	env_medium	environmental-sample	genome_name	genotype	geo_loc_name	geographic location (latitude)	geographic location (longitude)	host	host-associated environmental package	host_taxid	host_tissue_sampled	identified_by	investigation_type	isol_growth_condt	isolate	isolation_source	lab_host	lat_lon	local environmental context	mating_type	metagenome_source	metagenomic	metagenomic source	note	num_replicons	passage_history	project_name	ref_biomaterial	samp_size	sample derived from	sample_name	sample_type	scientific_name	seq_id	sequencing method	serotype	serovar	specimen_voucher	strain	sub_species	taxonomic classification	taxonomic identity marker	temp
SAMEA111404286				2022-09-27	2022-09-27									Many fragments with little to no review of assembly other than reporting of standard assembly statistics	metaSPAdes v3.15.3	MaxBin2, MetaBat2, Concoct with default parameter of the metaWRAP pipeline. Bin refinement module used from metaWRAP with default parameters.	metaWRAP v1.3				2013-04-30		100	CheckM	1.51				Rainbow trout digestive system		Gut content				USA	45.68	111.05						metagenome-assembled genome			fish gut metagenome			Gut				fish gut metagenome				Feeding alternative diet to replace the conventional fishmeal diet has been the focus in aquaculture nutrition. This study investigates the effect of two alternative diets on the GIT of rainbow trout raised in a cultured environment.			SAMEA103890759					Illumina HiSeq 2500						The taxonomy of this metagenome-assembled genome was originally computed with GTDBtk, which assigned the following taxonomic annotation: d__Bacteria;p__Firmicutes;c__Bacilli;o__Lactobacillales;f__Streptococcaceae;g__Lactococcus;s__Lactococcus lactis	multi-marker approach	
SAMEA111465618			ERC000047	2022-10-13T16:34:14Z	2022-10-13T16:34:14Z	SAMEA111465618		EMG	2022-10-13T16:34:14Z	2022-10-13T16:34:14Z	public	SRR12358629_bin.41_metawrap_v1.3_MAG		Many fragments with little to no review of assembly other than reporting of standard assembly statistics	metaSPAdes v3.15.3	MaxBin2, MetaBat2, Concoct with default parameter of the metaWRAP pipeline. Bin refinement module used from metaWRAP with default parameters.	metawrap v1.3		EBI-EMG		2012-04-01		92.99	CheckM	1.7				mouse digestive system		feces				Japan	35.6762	139.6503						metagenome-assembled genome			mouse gut metagenome			digestive tube				mouse gut metagenome				Effects of Fructooligosaccharides (FOS) on gut microbiota			SAMN15684188	SRR12358629_bin.41_metawrap_v1.3_MAG		Lactococcus lactis		Illumina HiSeq 2000						The taxonomy of this metagenome-assembled genome was originally computed with GTDBtk, which assigned the following taxonomic annotation: d__Bacteria;p__Firmicutes;c__Bacilli;o__Lactobacillales;f__Streptococcaceae;g__Lactococcus;s__Lactococcus lactis	multi-marker approach	
SAMEA111477176			ERC000047	2022-10-16	2022-10-16	SAMEA111477176	EMG	EMG	2022-10-16T20:28:46Z	2022-10-16T20:28:46Z	public	ERR5094881_bin.2_metaWRAP_v1.3_MAG		Many fragments with little to no review of assembly other than reporting of standard assembly statistics	metaSPAdes v3.15.3	MaxBin2, MetaBat2, Concoct with default parameter of the metaWRAP pipeline. Bin refinement module used from metaWRAP with default parameters.	metaWRAP v1.3		EMG broker account, EMBL-EBI		not provided		98.87	CheckM	0.38				Rainbow trout digestive system		Gut content				Spain	not provided	not provided						metagenome-assembled genome			fish gut metagenome			Gut				fish gut metagenome				Shotgun metagenomics sequencing results for intestinal samples collected from rainbow trout farms in three European countries.			SAMEA7816536	ERR5094881_bin.2_metaWRAP_v1.3_MAG				NextSeq 550						The taxonomy of this metagenome-assembled genome was originally computed with GTDBtk, which assigned the following taxonomic annotation: d__Bacteria;p__Firmicutes;c__Bacilli;o__Lactobacillales;f__Streptococcaceae;g__Lactococcus;s__Lactococcus lactis	multi-marker approach	
SAMEA111477417			ERC000047	2022-10-16	2022-10-16	SAMEA111477417	EMG	EMG	2022-10-16T20:28:45Z	2022-10-16T20:28:45Z	public	SRR12464018_bin.2_metawrap_v1.3_MAG		Many fragments with little to no review of assembly other than reporting of standard assembly statistics	SPAdes v3.15.3	MaxBin2, MetaBat2, Concoct with default parameter of the metaWRAP pipeline. Bin refinement module used from metaWRAP with default parameters.	metawrap v1.3		EMG broker account, EMBL-EBI		not provided		98.81	CheckM	0.38				mouse digestive system		feces				not provided	not provided	not provided						metagenome-assembled genome			mouse gut metagenome			digestive tube				mouse gut metagenome				Fecal DNA from 6-week old C57BL/6J WT mice fed with either normal chow diet (LabDiet 5053) or 45% fat high fat diet (ResearchDiets D12451) for 10 weeks			SAMN15834562	SRR12464018_bin.2_metawrap_v1.3_MAG				Illumina HiSeq 4000						The taxonomy of this metagenome-assembled genome was originally computed with GTDBtk, which assigned the following taxonomic annotation: d__Bacteria;p__Firmicutes;c__Bacilli;o__Lactobacillales;f__Streptococcaceae;g__Lactococcus;s__Lactococcus lactis	multi-marker approach	
SAMEA111497091			ERC000047	2022-10-21	2022-10-21	SAMEA111497091	EMG	EMG	2022-10-21T12:25:30Z	2022-10-21T12:25:30Z	public	SRR13827519_bin.11_metawrap_v1.3_MAG		Many fragments with little to no review of assembly other than reporting of standard assembly statistics	metaSPAdes v3.15.3	MaxBin2, MetaBat2, Concoct with default parameter of the metaWRAP pipeline. Bin refinement module used from metaWRAP with default parameters.	metawrap v1.3		EMG broker account, EMBL-EBI		2018-03-01		99.62	CheckM	0.38				mouse digestive system		feces				USA	43.043	-88.0221						metagenome-assembled genome			mouse gut metagenome			digestive tube				mouse gut metagenome				In this study, we sought to investigate the hypothesis that dietary nicotinamide riboside supplementation alters the murine gut microbiome to mediate diet-induced weight gain deflection. To test this hypothesis, we fed C57BL6J males a high-fat diet supplemented with or without NR and then performed a fecal material transplant into naive recipients.			SAMN18043946	SRR13827519_bin.11_metawrap_v1.3_MAG				Illumina NovaSeq 6000						The taxonomy of this metagenome-assembled genome was originally computed with GTDBtk, which assigned the following taxonomic annotation: d__Bacteria;p__Firmicutes;c__Bacilli;o__Lactobacillales;f__Streptococcaceae;g__Lactococcus;s__Lactococcus lactis	multi-marker approach	
SAMEA112135716			ERC000047	2022-11-15	2022-11-15	SAMEA112135716	EMG	EMG	2022-11-15T12:23:46Z	2022-11-15T12:23:46Z	public	SRR14679322_bin.9_metawrap_v1.3_MAG		Many fragments with little to no review of assembly other than reporting of standard assembly statistics	not provided	MaxBin2, MetaBat2, Concoct with default parameter of the metaWRAP pipeline. Bin refinement module used from metaWRAP with default parameters.	metawrap v1.3		EMG broker account, EMBL-EBI		2015-10-04		97.42	CheckM	0.38				mouse digestive system		feces				USA	32.58924	-85.51009						metagenome-assembled genome			mouse gut metagenome			digestive tube				mouse gut metagenome				This project was an investigation of fecal microbiome samples of mice on chow and high-fat western diet over 12 weeks.			SAMN19241684	SRR14679322_bin.9_metawrap_v1.3_MAG				Illumina HiSeq 2500						The taxonomy of this metagenome-assembled genome was originally computed with GTDBtk, which assigned the following taxonomic annotation: d__Bacteria;p__Firmicutes;c__Bacilli;o__Lactobacillales;f__Streptococcaceae;g__Lactococcus;s__Lactococcus lactis	multi-marker approach	
SAMEA112376254			ERC000047	2023-02-03	2023-02-03	SAMEA112376254	UNIVERSITY OF CAMBRIDGE	UNIVERSITY OF CAMBRIDGE	2023-02-03T00:36:22Z	2023-02-03T00:36:22Z	public	MGBC102287		Many fragments with little to no review of assembly other than reporting of standard assembly statistics	metaSPAdes_v3.10.1	default parameters, kmer: 4	metaWRAP (MetaBAT2, MaxBin2 and CONCOCT)				not provided		100	CheckM	0.38				mouse gut		Faeces				Israel	31.90785	34.81334						metagenome-assembled genome			feces			mouse-associated habitat				mouse gut metagenome				Metagenome-assembled genomes from the Mouse Gastrointestinal Bacteria Catalogue			ERR1725804	MGBC102287		Lactococcus lactis		Illumina							multi-marker approach	
SAMEA112376279			ERC000047	2023-02-03	2023-02-03	SAMEA112376279	UNIVERSITY OF CAMBRIDGE	UNIVERSITY OF CAMBRIDGE	2023-02-03T00:36:33Z	2023-02-03T00:36:33Z	public	MGBC102312		Many fragments with little to no review of assembly other than reporting of standard assembly statistics	metaSPAdes_v3.10.1	default parameters, kmer: 4	metaWRAP (MetaBAT2, MaxBin2 and CONCOCT)				not provided		99.62	CheckM	0.38				mouse gut		Faeces				Israel	31.90785	34.81334						metagenome-assembled genome			feces			mouse-associated habitat				mouse gut metagenome				Metagenome-assembled genomes from the Mouse Gastrointestinal Bacteria Catalogue			ERR1725805	MGBC102312		Lactococcus lactis		Illumina							multi-marker approach	
SAMEA112376285			ERC000047	2023-02-03	2023-02-03	SAMEA112376285	UNIVERSITY OF CAMBRIDGE	UNIVERSITY OF CAMBRIDGE	2023-02-03T00:36:37Z	2023-02-03T00:36:37Z	public	MGBC102318		Many fragments with little to no review of assembly other than reporting of standard assembly statistics	metaSPAdes_v3.10.1	default parameters, kmer: 4	metaWRAP (MetaBAT2, MaxBin2 and CONCOCT)				not provided		100	CheckM	0.31				mouse gut		Faeces				Israel	31.90785	34.81334						metagenome-assembled genome			feces			mouse-associated habitat				mouse gut metagenome				Metagenome-assembled genomes from the Mouse Gastrointestinal Bacteria Catalogue			ERR1725806	MGBC102318		Lactococcus lactis		Illumina							multi-marker approach	
SAMEA112376288			ERC000047	2023-02-03	2023-02-03	SAMEA112376288	UNIVERSITY OF CAMBRIDGE	UNIVERSITY OF CAMBRIDGE	2023-02-03T00:36:37Z	2023-02-03T00:36:37Z	public	MGBC102321		Many fragments with little to no review of assembly other than reporting of standard assembly statistics	metaSPAdes_v3.10.1	default parameters, kmer: 4	metaWRAP (MetaBAT2, MaxBin2 and CONCOCT)				not provided		100	CheckM	0.31				mouse gut		Faeces				Israel	31.90785	34.81334						metagenome-assembled genome			feces			mouse-associated habitat				mouse gut metagenome				Metagenome-assembled genomes from the Mouse Gastrointestinal Bacteria Catalogue			ERR1725807	MGBC102321		Lactococcus lactis		Illumina							multi-marker approach	
SAMEA112376319			ERC000047	2023-02-03	2023-02-03	SAMEA112376319	UNIVERSITY OF CAMBRIDGE	UNIVERSITY OF CAMBRIDGE	2023-02-03T00:37:08Z	2023-02-03T00:37:08Z	public	MGBC102352		Many fragments with little to no review of assembly other than reporting of standard assembly statistics	metaSPAdes_v3.10.1	default parameters, kmer: 4	metaWRAP (MetaBAT2, MaxBin2 and CONCOCT)				not provided		95.92	CheckM	0.21				mouse gut		Faeces				Israel	31.90785	34.81334						metagenome-assembled genome			feces			mouse-associated habitat				mouse gut metagenome				Metagenome-assembled genomes from the Mouse Gastrointestinal Bacteria Catalogue			ERR1725819	MGBC102352		Lactococcus lactis		Illumina							multi-marker approach	
SAMEA112376341			ERC000047	2023-02-03	2023-02-03	SAMEA112376341	UNIVERSITY OF CAMBRIDGE	UNIVERSITY OF CAMBRIDGE	2023-02-03T00:37:19Z	2023-02-03T00:37:19Z	public	MGBC102374		Many fragments with little to no review of assembly other than reporting of standard assembly statistics	metaSPAdes_v3.10.1	default parameters, kmer: 4	metaWRAP (MetaBAT2, MaxBin2 and CONCOCT)				not provided		99.25	CheckM	0.69				mouse gut		Faeces				Israel	31.90785	34.81334						metagenome-assembled genome			feces			mouse-associated habitat				mouse gut metagenome				Metagenome-assembled genomes from the Mouse Gastrointestinal Bacteria Catalogue			ERR1725823	MGBC102374		Lactococcus lactis		Illumina							multi-marker approach	
SAMEA112380389			ERC000047	2023-02-03	2023-02-03	SAMEA112380389	UNIVERSITY OF CAMBRIDGE	UNIVERSITY OF CAMBRIDGE	2023-02-03T00:36:26Z	2023-02-03T00:36:26Z	public	MGBC106526		Many fragments with little to no review of assembly other than reporting of standard assembly statistics	metaSPAdes_v3.10.1	default parameters, kmer: 4	metaWRAP (MetaBAT2, MaxBin2 and CONCOCT)				not provided		96.92	CheckM	0.31				mouse gut		Faeces				USA	22.55545	114.05433						metagenome-assembled genome			feces			mouse-associated habitat				mouse gut metagenome				Metagenome-assembled genomes from the Mouse Gastrointestinal Bacteria Catalogue			ERR675538	MGBC106526		Lactococcus lactis		Illumina							multi-marker approach	
SAMEA112390266			ERC000047	2023-02-03	2023-02-03	SAMEA112390266	UNIVERSITY OF CAMBRIDGE	UNIVERSITY OF CAMBRIDGE	2023-02-03T00:44:17Z	2023-02-03T00:44:17Z	public	MGBC116674		Many fragments with little to no review of assembly other than reporting of standard assembly statistics	metaSPAdes_v3.10.1	default parameters, kmer: 4	metaWRAP (MetaBAT2, MaxBin2 and CONCOCT)				not provided		99.62	CheckM	1.32				mouse gut		Faeces				USA	40.7128	-74.0059						metagenome-assembled genome			feces			mouse-associated habitat				mouse gut metagenome				Metagenome-assembled genomes from the Mouse Gastrointestinal Bacteria Catalogue			ERR1762111	MGBC116674		Lactococcus lactis		Illumina							multi-marker approach	
SAMEA112390279			ERC000047	2023-02-03	2023-02-03	SAMEA112390279	UNIVERSITY OF CAMBRIDGE	UNIVERSITY OF CAMBRIDGE	2023-02-03T00:44:37Z	2023-02-03T00:44:37Z	public	MGBC116688		Many fragments with little to no review of assembly other than reporting of standard assembly statistics	metaSPAdes_v3.10.1	default parameters, kmer: 4	metaWRAP (MetaBAT2, MaxBin2 and CONCOCT)				not provided		99.25	CheckM	0.57				mouse gut		Faeces				USA	40.7128	-74.0059						metagenome-assembled genome			feces			mouse-associated habitat				mouse gut metagenome				Metagenome-assembled genomes from the Mouse Gastrointestinal Bacteria Catalogue			ERR1762112	MGBC116688		Lactococcus lactis		Illumina							multi-marker approach	
SAMEA112390291			ERC000047	2023-02-03	2023-02-03	SAMEA112390291	UNIVERSITY OF CAMBRIDGE	UNIVERSITY OF CAMBRIDGE	2023-02-03T00:44:47Z	2023-02-03T00:44:47Z	public	MGBC116701		Many fragments with little to no review of assembly other than reporting of standard assembly statistics	metaSPAdes_v3.10.1	default parameters, kmer: 4	metaWRAP (MetaBAT2, MaxBin2 and CONCOCT)				not provided		99.62	CheckM	0.57				mouse gut		Faeces				USA	40.7128	-74.0059						metagenome-assembled genome			feces			mouse-associated habitat				mouse gut metagenome				Metagenome-assembled genomes from the Mouse Gastrointestinal Bacteria Catalogue			ERR1762113	MGBC116701		Lactococcus lactis		Illumina							multi-marker approach	
SAMEA112390298			ERC000047	2023-02-03	2023-02-03	SAMEA112390298	UNIVERSITY OF CAMBRIDGE	UNIVERSITY OF CAMBRIDGE	2023-02-03T00:44:57Z	2023-02-03T00:44:57Z	public	MGBC116708		Many fragments with little to no review of assembly other than reporting of standard assembly statistics	metaSPAdes_v3.10.1	default parameters, kmer: 4	metaWRAP (MetaBAT2, MaxBin2 and CONCOCT)				not provided		100	CheckM	0.75				mouse gut		Faeces				USA	40.7128	-74.0059						metagenome-assembled genome			feces			mouse-associated habitat				mouse gut metagenome				Metagenome-assembled genomes from the Mouse Gastrointestinal Bacteria Catalogue			ERR1762114	MGBC116708		Lactococcus lactis		Illumina							multi-marker approach	
SAMEA112390395			ERC000047	2023-02-03	2023-02-03	SAMEA112390395	UNIVERSITY OF CAMBRIDGE	UNIVERSITY OF CAMBRIDGE	2023-02-03T00:44:17Z	2023-02-03T00:44:17Z	public	MGBC116806		Many fragments with little to no review of assembly other than reporting of standard assembly statistics	metaSPAdes_v3.10.1	default parameters, kmer: 4	metaWRAP (MetaBAT2, MaxBin2 and CONCOCT)				not provided		96.31	CheckM	0.38				mouse gut		Faeces				South Korea	37.59712	127.05199						metagenome-assembled genome			feces			mouse-associated habitat				mouse gut metagenome				Metagenome-assembled genomes from the Mouse Gastrointestinal Bacteria Catalogue			ERR2059929	MGBC116806		Lactococcus lactis		Illumina							multi-marker approach	
SAMEA112390541			ERC000047	2023-02-03	2023-02-03	SAMEA112390541	UNIVERSITY OF CAMBRIDGE	UNIVERSITY OF CAMBRIDGE	2023-02-03T00:44:47Z	2023-02-03T00:44:47Z	public	MGBC116959		Many fragments with little to no review of assembly other than reporting of standard assembly statistics	metaSPAdes_v3.10.1	default parameters, kmer: 4	metaWRAP (MetaBAT2, MaxBin2 and CONCOCT)				not provided		99.62	CheckM	0.19				mouse gut		Faeces				South Korea	37.59712	127.05199						metagenome-assembled genome			feces			mouse-associated habitat				mouse gut metagenome				Metagenome-assembled genomes from the Mouse Gastrointestinal Bacteria Catalogue			ERR2059933	MGBC116959		Lactococcus lactis		Illumina							multi-marker approach	
SAMEA112390593			ERC000047	2023-02-03	2023-02-03	SAMEA112390593	UNIVERSITY OF CAMBRIDGE	UNIVERSITY OF CAMBRIDGE	2023-02-03T00:45:54Z	2023-02-03T00:45:54Z	public	MGBC117014		Many fragments with little to no review of assembly other than reporting of standard assembly statistics	megahit_v1.1.1-2-g02102e1	default parameters, kmer: 4	metaWRAP (MetaBAT2, MaxBin2 and CONCOCT)				not provided		93.11	CheckM	0.94				mouse gut		Faeces				South Korea	37.59712	127.05199						metagenome-assembled genome			feces			mouse-associated habitat				mouse gut metagenome				Metagenome-assembled genomes from the Mouse Gastrointestinal Bacteria Catalogue			ERR2059934	MGBC117014		Lactococcus lactis		Illumina							multi-marker approach	
SAMEA112390751			ERC000047	2023-02-03	2023-02-03	SAMEA112390751	UNIVERSITY OF CAMBRIDGE	UNIVERSITY OF CAMBRIDGE	2023-02-03T00:43:46Z	2023-02-03T00:43:46Z	public	MGBC117174		Many fragments with little to no review of assembly other than reporting of standard assembly statistics	metaSPAdes_v3.10.1	default parameters, kmer: 4	metaWRAP (MetaBAT2, MaxBin2 and CONCOCT)				not provided		96.55	CheckM	0.00				mouse gut		Faeces				South Korea	37.59712	127.05199						metagenome-assembled genome			feces			mouse-associated habitat				mouse gut metagenome				Metagenome-assembled genomes from the Mouse Gastrointestinal Bacteria Catalogue			ERR2059938	MGBC117174		Lactococcus lactis		Illumina							multi-marker approach	
SAMEA112390797			ERC000047	2023-02-03T00:44:48Z	2023-02-03T00:44:48Z	SAMEA112390797		UNIVERSITY OF CAMBRIDGE	2023-02-03T00:44:48Z	2023-02-03T00:44:48Z	public	MGBC117220		Many fragments with little to no review of assembly other than reporting of standard assembly statistics	metaSPAdes_v3.10.1	default parameters, kmer: 4	metaWRAP (MetaBAT2, MaxBin2 and CONCOCT)				not provided		100	CheckM	0.82				mouse gut		Faeces				South Korea	37.59712	127.05199						metagenome-assembled genome			feces			mouse-associated habitat				mouse gut metagenome				Metagenome-assembled genomes from the Mouse Gastrointestinal Bacteria Catalogue			ERR2059939	MGBC117220		Lactococcus lactis		Illumina							multi-marker approach	
SAMEA112390814			ERC000047	2023-02-03	2023-02-03	SAMEA112390814	UNIVERSITY OF CAMBRIDGE	UNIVERSITY OF CAMBRIDGE	2023-02-03T00:45:09Z	2023-02-03T00:45:09Z	public	MGBC117237		Many fragments with little to no review of assembly other than reporting of standard assembly statistics	metaSPAdes_v3.10.1	default parameters, kmer: 4	metaWRAP (MetaBAT2, MaxBin2 and CONCOCT)				not provided		100	CheckM	0.44				mouse gut		Faeces				South Korea	37.59712	127.05199						metagenome-assembled genome			feces			mouse-associated habitat				mouse gut metagenome				Metagenome-assembled genomes from the Mouse Gastrointestinal Bacteria Catalogue			ERR2059940	MGBC117237		Lactococcus lactis		Illumina							multi-marker approach	
SAMEA112390909			ERC000047	2023-02-03	2023-02-03	SAMEA112390909	UNIVERSITY OF CAMBRIDGE	UNIVERSITY OF CAMBRIDGE	2023-02-03T00:44:28Z	2023-02-03T00:44:28Z	public	MGBC117335		Many fragments with little to no review of assembly other than reporting of standard assembly statistics	metaSPAdes_v3.10.1	default parameters, kmer: 4	metaWRAP (MetaBAT2, MaxBin2 and CONCOCT)				not provided		100	CheckM	0.82				mouse gut		Faeces				South Korea	37.59712	127.05199						metagenome-assembled genome			feces			mouse-associated habitat				mouse gut metagenome				Metagenome-assembled genomes from the Mouse Gastrointestinal Bacteria Catalogue			ERR2059942	MGBC117335		Lactococcus lactis		Illumina							multi-marker approach	
SAMEA112391140			ERC000047	2023-02-03	2023-02-03	SAMEA112391140	UNIVERSITY OF CAMBRIDGE	UNIVERSITY OF CAMBRIDGE	2023-02-03T00:39:30Z	2023-02-03T00:39:30Z	public	MGBC117572		Many fragments with little to no review of assembly other than reporting of standard assembly statistics	metaSPAdes_v3.10.1	default parameters, kmer: 4	metaWRAP (MetaBAT2, MaxBin2 and CONCOCT)				not provided		95.47	CheckM	0.19				mouse gut		Faeces				South Korea	37.59712	127.05199						metagenome-assembled genome			feces			mouse-associated habitat				mouse gut metagenome				Metagenome-assembled genomes from the Mouse Gastrointestinal Bacteria Catalogue			ERR2059947	MGBC117572		Lactococcus lactis		Illumina							multi-marker approach	
SAMEA112391186			ERC000047	2023-02-03	2023-02-03	SAMEA112391186	UNIVERSITY OF CAMBRIDGE	UNIVERSITY OF CAMBRIDGE	2023-02-03T00:40:24Z	2023-02-03T00:40:24Z	public	MGBC117619		Many fragments with little to no review of assembly other than reporting of standard assembly statistics	metaSPAdes_v3.10.1	default parameters, kmer: 4	metaWRAP (MetaBAT2, MaxBin2 and CONCOCT)				not provided		99.25	CheckM	1.13				mouse gut		Faeces				South Korea	37.59712	127.05199						metagenome-assembled genome			feces			mouse-associated habitat				mouse gut metagenome				Metagenome-assembled genomes from the Mouse Gastrointestinal Bacteria Catalogue			ERR2059948	MGBC117619		Lactococcus lactis		Illumina							multi-marker approach	
SAMEA112391199			ERC000047	2023-02-03	2023-02-03	SAMEA112391199	UNIVERSITY OF CAMBRIDGE	UNIVERSITY OF CAMBRIDGE	2023-02-03T00:38:27Z	2023-02-03T00:38:27Z	public	MGBC117633		Many fragments with little to no review of assembly other than reporting of standard assembly statistics	metaSPAdes_v3.10.1	default parameters, kmer: 4	metaWRAP (MetaBAT2, MaxBin2 and CONCOCT)				not provided		99.01	CheckM	0.75				mouse gut		Faeces				South Korea	37.59712	127.05199						metagenome-assembled genome			feces			mouse-associated habitat				mouse gut metagenome				Metagenome-assembled genomes from the Mouse Gastrointestinal Bacteria Catalogue			ERR2059949	MGBC117633		Lactococcus lactis		Illumina							multi-marker approach	
SAMEA112391301			ERC000047	2023-02-03	2023-02-03	SAMEA112391301	UNIVERSITY OF CAMBRIDGE	UNIVERSITY OF CAMBRIDGE	2023-02-03T00:40:15Z	2023-02-03T00:40:15Z	public	MGBC117736		Many fragments with little to no review of assembly other than reporting of standard assembly statistics	metaSPAdes_v3.10.1	default parameters, kmer: 4	metaWRAP (MetaBAT2, MaxBin2 and CONCOCT)				not provided		97.17	CheckM	0.13				mouse gut		Faeces				South Korea	37.59712	127.05199						metagenome-assembled genome			feces			mouse-associated habitat				mouse gut metagenome				Metagenome-assembled genomes from the Mouse Gastrointestinal Bacteria Catalogue			ERR2059951	MGBC117736		Lactococcus lactis		Illumina							multi-marker approach	
SAMEA112391340			ERC000047	2023-02-03	2023-02-03	SAMEA112391340	UNIVERSITY OF CAMBRIDGE	UNIVERSITY OF CAMBRIDGE	2023-02-03T00:38:34Z	2023-02-03T00:38:34Z	public	MGBC117776		Many fragments with little to no review of assembly other than reporting of standard assembly statistics	metaSPAdes_v3.10.1	default parameters, kmer: 4	metaWRAP (MetaBAT2, MaxBin2 and CONCOCT)				not provided		95.72	CheckM	0.00				mouse gut		Faeces				South Korea	37.59712	127.05199						metagenome-assembled genome			feces			mouse-associated habitat				mouse gut metagenome				Metagenome-assembled genomes from the Mouse Gastrointestinal Bacteria Catalogue			ERR2059952	MGBC117776		Lactococcus lactis		Illumina							multi-marker approach	
SAMEA112718117			ERC000047	2023-03-06	2023-03-06	SAMEA112718117	HELMHOLTZ CENTRE FOR INFECTION RESEARCH	HELMHOLTZ CENTRE FOR INFECTION RESEARCH	2023-03-06T04:21:48Z	2023-03-06T04:21:48Z	public	extra-ERR2059929.10_1677761287		Many fragments with little to no review of assembly other than reporting of standard assembly statistics	metaSPAdes	default	metabat2				not provided		96.23	CheckM	0.7				mouse digestive system		feces				not provided	not provided	not provided						metagenome-assembled genome			mouse gut metagenome			mouse gut				mouse gut metagenome				Lysogeny is prevalent and widely distributed in the murin gut microbiota			SAMEA104188564	extra-ERR2059929.10_1677761287		Lactococcus lactis subsp. lactis JCM 5805 = NBRC 100933		Illumina HiSeq 4000					lactis		multi-marker approach	
SAMEA112718479			ERC000047	2023-03-06	2023-03-06	SAMEA112718479	HELMHOLTZ CENTRE FOR INFECTION RESEARCH	HELMHOLTZ CENTRE FOR INFECTION RESEARCH	2023-03-06T04:21:46Z	2023-03-06T04:21:46Z	public	extra-ERR2059938.18_1677761433		Many fragments with little to no review of assembly other than reporting of standard assembly statistics	metaSPAdes	default	metabat2				not provided		96.6	CheckM	0.68				mouse digestive system		feces				not provided	not provided	not provided						metagenome-assembled genome			mouse gut metagenome			mouse gut				mouse gut metagenome				Lysogeny is prevalent and widely distributed in the murin gut microbiota			SAMEA104188573	extra-ERR2059938.18_1677761433		Lactococcus lactis subsp. lactis JCM 5805 = NBRC 100933		Illumina HiSeq 4000					lactis		multi-marker approach	
SAMEA112718592			ERC000047	2023-03-06	2023-03-06	SAMEA112718592	HELMHOLTZ CENTRE FOR INFECTION RESEARCH	HELMHOLTZ CENTRE FOR INFECTION RESEARCH	2023-03-06T04:21:46Z	2023-03-06T04:21:46Z	public	extra-ERR2059941.20_1677761479		Many fragments with little to no review of assembly other than reporting of standard assembly statistics	metaSPAdes	default	metabat2				not provided		92.28	CheckM	1.79				mouse digestive system		feces				not provided	not provided	not provided						metagenome-assembled genome			mouse gut metagenome			mouse gut				mouse gut metagenome				Lysogeny is prevalent and widely distributed in the murin gut microbiota			SAMEA104188576	extra-ERR2059941.20_1677761479		Lactococcus lactis subsp. lactis JCM 5805 = NBRC 100933		Illumina HiSeq 4000					lactis		multi-marker approach	
SAMEA112718961			ERC000047	2023-03-06	2023-03-06	SAMEA112718961	HELMHOLTZ CENTRE FOR INFECTION RESEARCH	HELMHOLTZ CENTRE FOR INFECTION RESEARCH	2023-03-06T04:22:17Z	2023-03-06T04:22:17Z	public	extra-ERR2059950.31_1677762699		Many fragments with little to no review of assembly other than reporting of standard assembly statistics	metaSPAdes	default	metabat2				not provided		94.75	CheckM	0.82				mouse digestive system		feces				not provided	not provided	not provided						metagenome-assembled genome			mouse gut metagenome			mouse gut				mouse gut metagenome				Lysogeny is prevalent and widely distributed in the murin gut microbiota			SAMEA104188585	extra-ERR2059950.31_1677762699		Lactococcus lactis subsp. lactis JCM 5805 = NBRC 100933		Illumina HiSeq 4000					lactis		multi-marker approach	
SAMEA112718985			ERC000047	2023-03-06	2023-03-06	SAMEA112718985	HELMHOLTZ CENTRE FOR INFECTION RESEARCH	HELMHOLTZ CENTRE FOR INFECTION RESEARCH	2023-03-06T04:22:20Z	2023-03-06T04:22:20Z	public	extra-ERR2059951.6_1677762709		Many fragments with little to no review of assembly other than reporting of standard assembly statistics	metaSPAdes	default	metabat2				not provided		97.17	CheckM	0.25				mouse digestive system		feces				not provided	not provided	not provided						metagenome-assembled genome			mouse gut metagenome			mouse gut				mouse gut metagenome				Lysogeny is prevalent and widely distributed in the murin gut microbiota			SAMEA104188586	extra-ERR2059951.6_1677762709		Lactococcus lactis subsp. lactis JCM 5805 = NBRC 100933		Illumina HiSeq 4000					lactis		multi-marker approach	
SAMEA112719033			ERC000047	2023-03-06	2023-03-06	SAMEA112719033	HELMHOLTZ CENTRE FOR INFECTION RESEARCH	HELMHOLTZ CENTRE FOR INFECTION RESEARCH	2023-03-06T04:22:28Z	2023-03-06T04:22:28Z	public	extra-ERR2059952.50_1677762729		Many fragments with little to no review of assembly other than reporting of standard assembly statistics	metaSPAdes	default	metabat2				not provided		97.99	CheckM	0.22				mouse digestive system		feces				not provided	not provided	not provided						metagenome-assembled genome			mouse gut metagenome			mouse gut				mouse gut metagenome				Lysogeny is prevalent and widely distributed in the murin gut microbiota			SAMEA104188587	extra-ERR2059952.50_1677762729		Lactococcus lactis subsp. lactis JCM 5805 = NBRC 100933		Illumina HiSeq 4000					lactis		multi-marker approach	
SAMEA112936101			ERC000047	2023-04-20	2023-04-20	SAMEA112936101	UNIVERSITY OF GENEVA	UNIVERSITY OF GENEVA	2023-04-20T20:20:11Z	2023-04-20T20:20:11Z	public	MGG02528_1680015497		Many fragments with little to no review of assembly other than reporting of standard assembly statistics	metaSpades_v3.13	default	metagenome_atlas_v2.3				not provided		98.87	checkM_v1.1	0.19				Host-associated		Feces				not provided	not provided	not provided						metagenome-assembled genome			mouse gut metagenome			Mouse digestive system				mouse gut metagenome				This sample represents a Third Party Annotation (TPA) Metagenome-assembled genome assembled from the metagenomic run ERR2059948 of study ERP024324.			SAMEA104188583	MGG02528_1680015497		Lactococcus lactis		Illumina HiSeq 4000							multi-marker approach	
SAMEA114063391			ERC000047	2023-07-13T16:22:55Z	2023-07-13T16:22:55Z	SAMEA114063391	EMG	EMG	2023-07-13T16:22:55Z	2023-07-13T16:22:55Z	public	ERR9578277_bin.11_MetaWRAP_v1.3_MAG		Many fragments with little to no review of assembly other than reporting of standard assembly statistics	metaspades v3.15.3	MaxBin2, MetaBat2, Concoct with default parameter of the metaWRAP pipeline. Bin refinement module used from metaWRAP with default parameters.	MetaWRAP v1.3		EMG broker account, EMBL-EBI		2018		97.88	CheckM	0.0				Human digestive system		faeces				Germany	48.5216364	9.0576448						metagenome-assembled genome			human feces metagenome			colon				human feces metagenome				Changes in intestinal microbiome composition have been described in animal models of Alzheimer`s disease (AD) and AD patients. Here we investigated how well taxonomic and functional intestinal microbiome data can be used to discriminate between amyloid-positive AD patients and cognitively healthy elderly controls.			SAMEA13959675	ERR9578277_bin.11_MetaWRAP_v1.3_MAG		Lactococcus lactis		Illumina HiSeq 2000						The taxonomy of this Metagenome-Assembled Genome was originally computed with GTDBtk, which assigned the following taxonomic annotation: d__Bacteria;p__Firmicutes;c__Bacilli;o__Lactobacillales;f__Streptococcaceae;g__Lactococcus;s__Lactococcus lactis	multi-marker approach	
SAMEA13256549	2022-03-08	2022-03-08	ERC000013			SAMEA13256549	RWTH Aachen University Hospital	RWTH Aachen University Hospital	2022-03-08T16:23:00Z	2022-03-08T16:23:00Z	public	Lactococcus_lactis_DSM110082									2019-03-15								mouse gastrointestinal tract	mouse intestine	gut content				Germany	50.776389	6.043611		host-associated	10090			single amplified genome														Enriched cultured diversity of the mouse gut microbiota for custom-made synthetic communities				Lactococcus_lactis_DSM110082				Illumina NextSeq500								
SAMEA14037263			ERC000047	2023-01-03	2023-01-03	SAMEA14037263	EBI	European Bioinformatics Institute	2023-01-03T00:32:15Z	2023-01-03T00:32:15Z	public	ERR4757815_bin.5_CONCOCT_v1.1_MAG		Many fragments with little to no review of assembly other than reporting of standard assembly statistics	metaSPAdes v3.14.1	Default	CONCOCT v1.1		EMG broker account, EMBL-EBI		not provided		99.5	CheckM	2.14				Engineered	Food production	Food production				not provided	not provided	not provided						metagenome-assembled genome			food production metagenome							food production metagenome				Cotter Lab FF study			SAMEA6167700	ERR4757815_bin.5_CONCOCT_v1.1_MAG		Lactococcus lactis		NextSeq 500							multi-marker approach	
SAMEA14084047			ERC000047	2023-01-03	2023-01-03	SAMEA14084047	EBI	European Bioinformatics Institute	2023-01-03T00:33:41Z	2023-01-03T00:33:41Z	public	ERR260195_bin.69_CONCOCT_v1.1_MAG		Many fragments with little to no review of assembly other than reporting of standard assembly statistics	metaspades_v3.13.0	Default	CONCOCT v1.1		EMG broker account, EMBL-EBI		not provided		100	CheckM	0.66				Host-associated	Human	Digestive system				not provided	not provided	not provided						metagenome-assembled genome			human gut metagenome							human gut metagenome				Gut metagenome in European women with normal, impaired and diabetic glucose control			SAMEA1906477	ERR260195_bin.69_CONCOCT_v1.1_MAG		Lactococcus lactis		Illumina HiSeq 2000							multi-marker approach	
SAMEA5849728			ERC000011	2019-08-06T09:56:06Z	2019-08-06T09:56:06Z	SAMEA5849728		EMG	2019-08-06T09:56:06Z	2019-08-06T09:56:06Z	public	MGYG-HGUT-00226							EBI-EMG			Lactococcus lactis	100		0.76				human-associated habitat	human gut					China								isolate			human gut											Human gut genomes			SAMN09734781	MGYG-HGUT-00226		Lactococcus lactis										
SAMEA7847198	2021-01-23	2021-01-21	ERC000047			SAMEA7847198	EMG	EMG	2021-01-23T17:08:37Z	2021-01-21T23:05:31Z	public	ERR260195-bin.11		Many fragments with little to no review of assembly other than reporting of standard assembly statistics	metaspades_v3.13.0	default	MetaWRAP v1.1		EMG broker account, EMBL-EBI		not provided		100	CheckM v1.0.11	0.66				human-associated habitat	human gut	faeces				Sweden	not provided	not provided						metagenome-assembled genome			human gut							human gut metagenome				Human gut MAGs			ERS235559	ERR260195-bin.11				Illumina HiSeq 2000							multi-marker approach	
SAMN09734781																					2013-07-01														China: Shenzhen			Homo sapiens								feces																whole organism							AM11-49				
SAMN09762740																					2013-11														India:Rajasthan											Human feces																microbe							RJAA.1(a)				
SAMN10365207																					unknown														unknown											Termite Gut																cell culture							NCDO2125	lactis			
SAMN14273537													missing								2017-11-22/2017-12-12							This BioSample is a metagenomic assembly obtained from the mouse gut metagenome BioSamples: SAMN14144348,SAMN14144349,SAMN14144350,SAMN14144351,SAMN14144352,SAMN14144353,SAMN14144354,SAMN14144355,SAMN14144356,SAMN14144357,SAMN14144358,SAMN14144359,SAMN14144360,SAMN14144361,SAMN14144362,SAMN14144363,SAMN14144364,SAMN14144365	environmental system determined by an organism[ENVO_01001000]|animal-associated environment[ENVO_01001002]	digestive tract[UBERON_0001555]|colon[UBERON_0001155]	fecal material[ENVO_00002003]	1			USA: Knoxville, TN			Mus musculus							ABMPRH_10_1	feces extracted directly from colon		35.9396 N 83.9430 W			mouse gut metagenome	1										metagenomic assembly											
SAMN15183971																					2016-10-04														South Korea			Grasshopper								feces																cell culture							K_LL005				
SAMN17800700																					2016/2019							This BioSample is a metagenomic assembly obtained from the human gut metagenome BioSample: SAMN17764102,SAMN17764103,SAMN17764104,SAMN17764105,SAMN17764106,SAMN17764107,SAMN17764108,SAMN17764109,SAMN17764110,SAMN17764111,SAMN17764112	feces	infant	feces	1	Lactococcus_lactis_dasL3_108_000G1_metabat.metabat.108.fa_sub.fa		USA: Pittsburgh, Magee-Womens Hospital of UPMC			Homo sapiens							L3_108_000G1_dasL3_108_000G1_metabat.metabat.108_sub	infant feces		40.4308 N 79.9598 W			human gut metagenome	1										metagenomic assembly											
SAMN17801088																					2016/2019							This BioSample is a metagenomic assembly obtained from the human gut metagenome BioSample: SAMN17763841,SAMN17763842,SAMN17763843,SAMN17763844,SAMN17763845,SAMN17763846,SAMN17763847,SAMN17763848,SAMN17763849,SAMN17763850,SAMN17763851,SAMN17763852,SAMN17763853	feces	infant	feces	1	Lactococcus_lactis_dasL2_023_000G1_concoct_62.fa		USA: Pittsburgh, Magee-Womens Hospital of UPMC			Homo sapiens							L2_023_000G1_dasL2_023_000G1_concoct_62	infant feces		40.4308 N 79.9598 W			human gut metagenome	1										metagenomic assembly											
SAMN19374079																					2019-08														China: Suzhou			Macaca fascicularis								feces																cell culture							N35				
SAMN22165187													NA					NA		NA	NA					NA	NA		not applicable					NA	USA:New York			Homo sapiens			NA	NA			NA	fecal sample	NA	NA		NA						NA			NA			cell culture		TM47		NA	NA	NA	MSK.18.79				NA
SAMN22212105																					2019-09														Netherlands: Groningen			Drosophila melanogaster								dPANK/fbl mutant fly guts								Sibon lab								fly gut							UGLL01				
SAMN22307046																					2019-04														South Africa: Northwest of Grahamstown			Rhinolophus capensis			Feces					feces		33.285556 S 26.427389 E														Cell culture							Three				
SAMN28944559													NA					NA		NA	NA					NA	NA		not applicable					NA	USA:Chicago			Homo sapiens			NA	NA				fecal sample	NA	NA		NA						NA			NA			cell culture		220104-DFI.7.80		NA	NA	NA	DFI.7.80				NA
SAMN28944560													NA					NA		NA	NA					NA	NA		not applicable					NA	USA:Chicago			Homo sapiens			NA	NA				fecal sample	NA	NA		NA						NA			NA			cell culture		220104-DFI.7.81		NA	NA	NA	DFI.7.81				NA
SAMN31807700																					2014-02-01								microbial community [PCO:1000004]	fecal material [ENVO:00002003]	fecal material [ENVO:00002003]				China: Shenzhen			Homo sapiens						not applicable				22.32 N 114.05 E							1			not applicable											AF03-11				
SAMN31808596																					2014-02-01								microbial community [PCO:1000004]	fecal material [ENVO:00002003]	fecal material [ENVO:00002003]				China: Shenzhen			Homo sapiens						not applicable				22.32 N 114.05 E							1			not applicable											AM100_PB1_LT_1D_21A				
SAMN31808949																					2014-02-01								microbial community [PCO:1000004]	fecal material [ENVO:00002003]	fecal material [ENVO:00002003]				China: Shenzhen			Homo sapiens						not applicable				22.32 N 114.05 E							1			not applicable											AM113-04				
SAMN31808954																					2014-02-01								microbial community [PCO:1000004]	fecal material [ENVO:00002003]	fecal material [ENVO:00002003]				China: Shenzhen			Homo sapiens						not applicable				22.32 N 114.05 E							1			not applicable											AM113-102				
SAMN31808961																					2014-02-01								microbial community [PCO:1000004]	fecal material [ENVO:00002003]	fecal material [ENVO:00002003]				China: Shenzhen			Homo sapiens						not applicable				22.32 N 114.05 E							1			not applicable											AM113-125				
SAMN31808966																					2014-02-01								microbial community [PCO:1000004]	fecal material [ENVO:00002003]	fecal material [ENVO:00002003]				China: Shenzhen			Homo sapiens						not applicable				22.32 N 114.05 E							1			not applicable											AM113-14				
SAMN31808989																					2014-02-01								microbial community [PCO:1000004]	fecal material [ENVO:00002003]	fecal material [ENVO:00002003]				China: Shenzhen			Homo sapiens						not applicable				22.32 N 114.05 E							1			not applicable											AM113-190				
SAMN31809002																					2014-02-01								microbial community [PCO:1000004]	fecal material [ENVO:00002003]	fecal material [ENVO:00002003]				China: Shenzhen			Homo sapiens						not applicable				22.32 N 114.05 E							1			not applicable											AM113-31				
SAMN31809004																					2014-02-01								microbial community [PCO:1000004]	fecal material [ENVO:00002003]	fecal material [ENVO:00002003]				China: Shenzhen			Homo sapiens						not applicable				22.32 N 114.05 E							1			not applicable											AM113-33				
SAMN31809008																					2014-02-01								microbial community [PCO:1000004]	fecal material [ENVO:00002003]	fecal material [ENVO:00002003]				China: Shenzhen			Homo sapiens						not applicable				22.32 N 114.05 E							1			not applicable											AM113-39				
SAMN31809011																					2014-02-01								microbial community [PCO:1000004]	fecal material [ENVO:00002003]	fecal material [ENVO:00002003]				China: Shenzhen			Homo sapiens						not applicable				22.32 N 114.05 E							1			not applicable											AM113-46				
SAMN31809012																					2014-02-01								microbial community [PCO:1000004]	fecal material [ENVO:00002003]	fecal material [ENVO:00002003]				China: Shenzhen			Homo sapiens						not applicable				22.32 N 114.05 E							1			not applicable											AM113-53				
SAMN31809015																					2014-02-01								microbial community [PCO:1000004]	fecal material [ENVO:00002003]	fecal material [ENVO:00002003]				China: Shenzhen			Homo sapiens						not applicable				22.32 N 114.05 E							1			not applicable											AM113-57				
SAMN31809019																					2014-02-01								microbial community [PCO:1000004]	fecal material [ENVO:00002003]	fecal material [ENVO:00002003]				China: Shenzhen			Homo sapiens						not applicable				22.32 N 114.05 E							1			not applicable											AM113-60				
SAMN31809024																					2014-02-01								microbial community [PCO:1000004]	fecal material [ENVO:00002003]	fecal material [ENVO:00002003]				China: Shenzhen			Homo sapiens						not applicable				22.32 N 114.05 E							1			not applicable											AM113-71				
SAMN31809025																					2014-02-01								microbial community [PCO:1000004]	fecal material [ENVO:00002003]	fecal material [ENVO:00002003]				China: Shenzhen			Homo sapiens						not applicable				22.32 N 114.05 E							1			not applicable											AM113-72				
SAMN31809026																					2014-02-01								microbial community [PCO:1000004]	fecal material [ENVO:00002003]	fecal material [ENVO:00002003]				China: Shenzhen			Homo sapiens						not applicable				22.32 N 114.05 E							1			not applicable											AM113-76				
SAMN31809027																					2014-02-01								microbial community [PCO:1000004]	fecal material [ENVO:00002003]	fecal material [ENVO:00002003]				China: Shenzhen			Homo sapiens						not applicable				22.32 N 114.05 E							1			not applicable											AM113-77				
SAMN31809029																					2014-02-01								microbial community [PCO:1000004]	fecal material [ENVO:00002003]	fecal material [ENVO:00002003]				China: Shenzhen			Homo sapiens						not applicable				22.32 N 114.05 E							1			not applicable											AM113-80				
SAMN31809318																					2014-02-01								microbial community [PCO:1000004]	fecal material [ENVO:00002003]	fecal material [ENVO:00002003]				China: Shenzhen			Homo sapiens						not applicable				22.32 N 114.05 E							1			not applicable											TM115-01				
SAMN31809469																					2014-02-01								microbial community [PCO:1000004]	fecal material [ENVO:00002003]	fecal material [ENVO:00002003]				China: Shenzhen			Homo sapiens						not applicable				22.32 N 114.05 E							1			not applicable											UN03-201				
SAMN31809470																					2014-02-01								microbial community [PCO:1000004]	fecal material [ENVO:00002003]	fecal material [ENVO:00002003]				China: Shenzhen			Homo sapiens						not applicable				22.32 N 114.05 E							1			not applicable											UN03-203				
SAMN31809473																					2014-02-01								microbial community [PCO:1000004]	fecal material [ENVO:00002003]	fecal material [ENVO:00002003]				China: Shenzhen			Homo sapiens						not applicable				22.32 N 114.05 E							1			not applicable											UN03-211				
