ID	accession	gtdb_taxonomy	checkm2_completeness	checkm2_contamination	genome_size	gc_percentage	n50_contigs	contig_count	ncbi_biosample	isolation_source_x	country	mimag_high_quality	mimag_medium_quality	gtdb_representative	ncbi_genbank_assembly_accession	BioSample	ENA first public	ENA last update	ENA-CHECKLIST	ENA-FIRST-PUBLIC	ENA-LAST-UPDATE	External Id	INSDC center alias	INSDC center name	INSDC first public	INSDC last update	INSDC status	Submitter Id	altitude	assembly quality	assembly software	binning parameters	binning software	biomaterial_provider	broker name	collected_by	collection_date	common name	completeness score	completeness software	contamination score	culture_collection	depth	derived_from	env_broad_scale	env_local_scale	env_medium	environmental-sample	genome_name	genotype	geo_loc_name	geographic location (latitude)	geographic location (longitude)	host	host-associated environmental package	host_taxid	host_tissue_sampled	identified_by	investigation_type	isol_growth_condt	isolate	isolation_source_y	lab_host	lat_lon	local environmental context	mating_type	metagenome_source	metagenomic	metagenomic source	note	num_replicons	passage_history	project_name	ref_biomaterial	samp_size	sample derived from	sample_name	sample_type	scientific_name	seq_id	sequencing method	serotype	serovar	specimen_voucher	strain	sub_species	taxonomic classification	taxonomic identity marker	temp
GB_GCA_018369575.1	GB_GCA_018369575.1	d__Bacteria;p__Bacillota;c__Bacilli;o__Lactobacillales;f__Streptococcaceae;g__Lactococcus;s__Lactococcus cremoris	94.84	2.13	2272833	35.34931954965455	16482	190	SAMN17800700	infant feces	USA: Pittsburgh; Magee-Womens Hospital of UPMC	f	t	f	GCA_018369575.1	SAMN17800700																					2016/2019							This BioSample is a metagenomic assembly obtained from the human gut metagenome BioSample: SAMN17764102,SAMN17764103,SAMN17764104,SAMN17764105,SAMN17764106,SAMN17764107,SAMN17764108,SAMN17764109,SAMN17764110,SAMN17764111,SAMN17764112	feces	infant	feces	1	Lactococcus_lactis_dasL3_108_000G1_metabat.metabat.108.fa_sub.fa		USA: Pittsburgh, Magee-Womens Hospital of UPMC			Homo sapiens							L3_108_000G1_dasL3_108_000G1_metabat.metabat.108_sub	infant feces		40.4308 N 79.9598 W			human gut metagenome	1										metagenomic assembly											
GB_GCA_018381915.1	GB_GCA_018381915.1	d__Bacteria;p__Bacillota;c__Bacilli;o__Lactobacillales;f__Streptococcaceae;g__Lactococcus;s__Lactococcus lactis	100.0	0.2	2478750	34.97133635905194	124243	52	SAMN17801088	infant feces	USA: Pittsburgh; Magee-Womens Hospital of UPMC	f	t	f	GCA_018381915.1	SAMN17801088																					2016/2019							This BioSample is a metagenomic assembly obtained from the human gut metagenome BioSample: SAMN17763841,SAMN17763842,SAMN17763843,SAMN17763844,SAMN17763845,SAMN17763846,SAMN17763847,SAMN17763848,SAMN17763849,SAMN17763850,SAMN17763851,SAMN17763852,SAMN17763853	feces	infant	feces	1	Lactococcus_lactis_dasL2_023_000G1_concoct_62.fa		USA: Pittsburgh, Magee-Womens Hospital of UPMC			Homo sapiens							L2_023_000G1_dasL2_023_000G1_concoct_62	infant feces		40.4308 N 79.9598 W			human gut metagenome	1										metagenomic assembly											
GB_GCA_022794425.1	GB_GCA_022794425.1	d__Bacteria;p__Bacillota;c__Bacilli;o__Lactobacillales;f__Streptococcaceae;g__Lactococcus;s__Lactococcus lactis	100.0	0.19	2261815	34.95577666608454	76296	48	SAMN14273537	feces extracted directly from colon	USA: Knoxville; TN	f	t	f	GCA_022794425.1	SAMN14273537													missing								2017-11-22/2017-12-12							This BioSample is a metagenomic assembly obtained from the mouse gut metagenome BioSamples: SAMN14144348,SAMN14144349,SAMN14144350,SAMN14144351,SAMN14144352,SAMN14144353,SAMN14144354,SAMN14144355,SAMN14144356,SAMN14144357,SAMN14144358,SAMN14144359,SAMN14144360,SAMN14144361,SAMN14144362,SAMN14144363,SAMN14144364,SAMN14144365	environmental system determined by an organism[ENVO_01001000]|animal-associated environment[ENVO_01001002]	digestive tract[UBERON_0001555]|colon[UBERON_0001155]	fecal material[ENVO_00002003]	1			USA: Knoxville, TN			Mus musculus							ABMPRH_10_1	feces extracted directly from colon		35.9396 N 83.9430 W			mouse gut metagenome	1										metagenomic assembly											
GB_GCA_905210045.1	GB_GCA_905210045.1	d__Bacteria;p__Bacillota;c__Bacilli;o__Lactobacillales;f__Streptococcaceae;g__Lactococcus;s__Lactococcus lactis	100.0	0.43	2749463	34.74991298300795	124962	81	SAMEA7847198	human gut	none	f	t	f	GCA_905210045.1	SAMEA7847198	2021-01-23	2021-01-21	ERC000047			SAMEA7847198	EMG	EMG	2021-01-23T17:08:37Z	2021-01-21T23:05:31Z	public	ERR260195-bin.11		Many fragments with little to no review of assembly other than reporting of standard assembly statistics	metaspades_v3.13.0	default	MetaWRAP v1.1		EMG broker account, EMBL-EBI		not provided		100	CheckM v1.0.11	0.66				human-associated habitat	human gut	faeces				Sweden	not provided	not provided						metagenome-assembled genome			human gut							human gut metagenome				Human gut MAGs			ERS235559	ERR260195-bin.11				Illumina HiSeq 2000							multi-marker approach	
GB_GCA_937910935.1	GB_GCA_937910935.1	d__Bacteria;p__Bacillota;c__Bacilli;o__Lactobacillales;f__Streptococcaceae;g__Lactococcus;s__Lactococcus cremoris	99.94	1.52	2647406	35.31290629393452	50120	94	SAMEA14037263	food production metagenome	none	f	t	f	GCA_937910935.1	SAMEA14037263			ERC000047	2023-01-03	2023-01-03	SAMEA14037263	EBI	European Bioinformatics Institute	2023-01-03T00:32:15Z	2023-01-03T00:32:15Z	public	ERR4757815_bin.5_CONCOCT_v1.1_MAG		Many fragments with little to no review of assembly other than reporting of standard assembly statistics	metaSPAdes v3.14.1	Default	CONCOCT v1.1		EMG broker account, EMBL-EBI		not provided		99.5	CheckM	2.14				Engineered	Food production	Food production				not provided	not provided	not provided						metagenome-assembled genome			food production metagenome							food production metagenome				Cotter Lab FF study			SAMEA6167700	ERR4757815_bin.5_CONCOCT_v1.1_MAG		Lactococcus lactis		NextSeq 500							multi-marker approach	
GB_GCA_937924215.1	GB_GCA_937924215.1	d__Bacteria;p__Bacillota;c__Bacilli;o__Lactobacillales;f__Streptococcaceae;g__Lactococcus;s__Lactococcus lactis	100.0	0.51	2699238	34.894181246707404	124962	75	SAMEA14084047	human gut metagenome	none	f	t	f	GCA_937924215.1	SAMEA14084047			ERC000047	2023-01-03	2023-01-03	SAMEA14084047	EBI	European Bioinformatics Institute	2023-01-03T00:33:41Z	2023-01-03T00:33:41Z	public	ERR260195_bin.69_CONCOCT_v1.1_MAG		Many fragments with little to no review of assembly other than reporting of standard assembly statistics	metaspades_v3.13.0	Default	CONCOCT v1.1		EMG broker account, EMBL-EBI		not provided		100	CheckM	0.66				Host-associated	Human	Digestive system				not provided	not provided	not provided						metagenome-assembled genome			human gut metagenome							human gut metagenome				Gut metagenome in European women with normal, impaired and diabetic glucose control			SAMEA1906477	ERR260195_bin.69_CONCOCT_v1.1_MAG		Lactococcus lactis		Illumina HiSeq 2000							multi-marker approach	
GB_GCA_947041925.1	GB_GCA_947041925.1	d__Bacteria;p__Bacillota;c__Bacilli;o__Lactobacillales;f__Streptococcaceae;g__Lactococcus;s__Lactococcus cremoris	99.98	0.55	2496862	35.588030095375714	81633	53	SAMEA111404286	fish gut metagenome	none	f	t	f	GCA_947041925.1	SAMEA111404286				2022-09-27	2022-09-27									Many fragments with little to no review of assembly other than reporting of standard assembly statistics	metaSPAdes v3.15.3	MaxBin2, MetaBat2, Concoct with default parameter of the metaWRAP pipeline. Bin refinement module used from metaWRAP with default parameters.	metaWRAP v1.3				2013-04-30		100	CheckM	1.51				Rainbow trout digestive system		Gut content				USA	45.68	111.05						metagenome-assembled genome			fish gut metagenome			Gut				fish gut metagenome				Feeding alternative diet to replace the conventional fishmeal diet has been the focus in aquaculture nutrition. This study investigates the effect of two alternative diets on the GIT of rainbow trout raised in a cultured environment.			SAMEA103890759					Illumina HiSeq 2500						The taxonomy of this metagenome-assembled genome was originally computed with GTDBtk, which assigned the following taxonomic annotation: d__Bacteria;p__Firmicutes;c__Bacilli;o__Lactobacillales;f__Streptococcaceae;g__Lactococcus;s__Lactococcus lactis	multi-marker approach	
GB_GCA_947063445.1	GB_GCA_947063445.1	d__Bacteria;p__Bacillota;c__Bacilli;o__Lactobacillales;f__Streptococcaceae;g__Lactococcus;s__Lactococcus cremoris	93.64	0.83	2173936	35.548010613007925	17026	201	SAMEA111465618	mouse gut metagenome	none	f	t	f	GCA_947063445.1	SAMEA111465618			ERC000047	2022-10-13T16:34:14Z	2022-10-13T16:34:14Z	SAMEA111465618		EMG	2022-10-13T16:34:14Z	2022-10-13T16:34:14Z	public	SRR12358629_bin.41_metawrap_v1.3_MAG		Many fragments with little to no review of assembly other than reporting of standard assembly statistics	metaSPAdes v3.15.3	MaxBin2, MetaBat2, Concoct with default parameter of the metaWRAP pipeline. Bin refinement module used from metaWRAP with default parameters.	metawrap v1.3		EBI-EMG		2012-04-01		92.99	CheckM	1.7				mouse digestive system		feces				Japan	35.6762	139.6503						metagenome-assembled genome			mouse gut metagenome			digestive tube				mouse gut metagenome				Effects of Fructooligosaccharides (FOS) on gut microbiota			SAMN15684188	SRR12358629_bin.41_metawrap_v1.3_MAG		Lactococcus lactis		Illumina HiSeq 2000						The taxonomy of this metagenome-assembled genome was originally computed with GTDBtk, which assigned the following taxonomic annotation: d__Bacteria;p__Firmicutes;c__Bacilli;o__Lactobacillales;f__Streptococcaceae;g__Lactococcus;s__Lactococcus lactis	multi-marker approach	
GB_GCA_947072755.1	GB_GCA_947072755.1	d__Bacteria;p__Bacillota;c__Bacilli;o__Lactobacillales;f__Streptococcaceae;g__Lactococcus;s__Lactococcus cremoris	99.9	0.11	2341089	35.61432307784967	76002	52	SAMEA111477176	fish gut metagenome	none	f	t	f	GCA_947072755.1	SAMEA111477176			ERC000047	2022-10-16	2022-10-16	SAMEA111477176	EMG	EMG	2022-10-16T20:28:46Z	2022-10-16T20:28:46Z	public	ERR5094881_bin.2_metaWRAP_v1.3_MAG		Many fragments with little to no review of assembly other than reporting of standard assembly statistics	metaSPAdes v3.15.3	MaxBin2, MetaBat2, Concoct with default parameter of the metaWRAP pipeline. Bin refinement module used from metaWRAP with default parameters.	metaWRAP v1.3		EMG broker account, EMBL-EBI		not provided		98.87	CheckM	0.38				Rainbow trout digestive system		Gut content				Spain	not provided	not provided						metagenome-assembled genome			fish gut metagenome			Gut				fish gut metagenome				Shotgun metagenomics sequencing results for intestinal samples collected from rainbow trout farms in three European countries.			SAMEA7816536	ERR5094881_bin.2_metaWRAP_v1.3_MAG				NextSeq 550						The taxonomy of this metagenome-assembled genome was originally computed with GTDBtk, which assigned the following taxonomic annotation: d__Bacteria;p__Firmicutes;c__Bacilli;o__Lactobacillales;f__Streptococcaceae;g__Lactococcus;s__Lactococcus lactis	multi-marker approach	
GB_GCA_947073355.1	GB_GCA_947073355.1	d__Bacteria;p__Bacillota;c__Bacilli;o__Lactobacillales;f__Streptococcaceae;g__Lactococcus;s__Lactococcus cremoris	99.99	0.52	2421895	35.503149393346945	75080	77	SAMEA111477417	mouse gut metagenome	none	f	t	f	GCA_947073355.1	SAMEA111477417			ERC000047	2022-10-16	2022-10-16	SAMEA111477417	EMG	EMG	2022-10-16T20:28:45Z	2022-10-16T20:28:45Z	public	SRR12464018_bin.2_metawrap_v1.3_MAG		Many fragments with little to no review of assembly other than reporting of standard assembly statistics	SPAdes v3.15.3	MaxBin2, MetaBat2, Concoct with default parameter of the metaWRAP pipeline. Bin refinement module used from metaWRAP with default parameters.	metawrap v1.3		EMG broker account, EMBL-EBI		not provided		98.81	CheckM	0.38				mouse digestive system		feces				not provided	not provided	not provided						metagenome-assembled genome			mouse gut metagenome			digestive tube				mouse gut metagenome				Fecal DNA from 6-week old C57BL/6J WT mice fed with either normal chow diet (LabDiet 5053) or 45% fat high fat diet (ResearchDiets D12451) for 10 weeks			SAMN15834562	SRR12464018_bin.2_metawrap_v1.3_MAG				Illumina HiSeq 4000						The taxonomy of this metagenome-assembled genome was originally computed with GTDBtk, which assigned the following taxonomic annotation: d__Bacteria;p__Firmicutes;c__Bacilli;o__Lactobacillales;f__Streptococcaceae;g__Lactococcus;s__Lactococcus lactis	multi-marker approach	
GB_GCA_947101685.1	GB_GCA_947101685.1	d__Bacteria;p__Bacillota;c__Bacilli;o__Lactobacillales;f__Streptococcaceae;g__Lactococcus;s__Lactococcus cremoris	100.0	0.32	2369500	35.48313990293311	73792	72	SAMEA111497091	mouse gut metagenome	none	f	t	f	GCA_947101685.1	SAMEA111497091			ERC000047	2022-10-21	2022-10-21	SAMEA111497091	EMG	EMG	2022-10-21T12:25:30Z	2022-10-21T12:25:30Z	public	SRR13827519_bin.11_metawrap_v1.3_MAG		Many fragments with little to no review of assembly other than reporting of standard assembly statistics	metaSPAdes v3.15.3	MaxBin2, MetaBat2, Concoct with default parameter of the metaWRAP pipeline. Bin refinement module used from metaWRAP with default parameters.	metawrap v1.3		EMG broker account, EMBL-EBI		2018-03-01		99.62	CheckM	0.38				mouse digestive system		feces				USA	43.043	-88.0221						metagenome-assembled genome			mouse gut metagenome			digestive tube				mouse gut metagenome				In this study, we sought to investigate the hypothesis that dietary nicotinamide riboside supplementation alters the murine gut microbiome to mediate diet-induced weight gain deflection. To test this hypothesis, we fed C57BL6J males a high-fat diet supplemented with or without NR and then performed a fecal material transplant into naive recipients.			SAMN18043946	SRR13827519_bin.11_metawrap_v1.3_MAG				Illumina NovaSeq 6000						The taxonomy of this metagenome-assembled genome was originally computed with GTDBtk, which assigned the following taxonomic annotation: d__Bacteria;p__Firmicutes;c__Bacilli;o__Lactobacillales;f__Streptococcaceae;g__Lactococcus;s__Lactococcus lactis	multi-marker approach	
GB_GCA_947347755.1	GB_GCA_947347755.1	d__Bacteria;p__Bacillota;c__Bacilli;o__Lactobacillales;f__Streptococcaceae;g__Lactococcus;s__Lactococcus lactis	99.69	0.3	2186484	34.99120048443071	18053	178	SAMEA112135716	mouse gut metagenome	none	f	t	f	GCA_947347755.1	SAMEA112135716			ERC000047	2022-11-15	2022-11-15	SAMEA112135716	EMG	EMG	2022-11-15T12:23:46Z	2022-11-15T12:23:46Z	public	SRR14679322_bin.9_metawrap_v1.3_MAG		Many fragments with little to no review of assembly other than reporting of standard assembly statistics	not provided	MaxBin2, MetaBat2, Concoct with default parameter of the metaWRAP pipeline. Bin refinement module used from metaWRAP with default parameters.	metawrap v1.3		EMG broker account, EMBL-EBI		2015-10-04		97.42	CheckM	0.38				mouse digestive system		feces				USA	32.58924	-85.51009						metagenome-assembled genome			mouse gut metagenome			digestive tube				mouse gut metagenome				This project was an investigation of fecal microbiome samples of mice on chow and high-fat western diet over 12 weeks.			SAMN19241684	SRR14679322_bin.9_metawrap_v1.3_MAG				Illumina HiSeq 2500						The taxonomy of this metagenome-assembled genome was originally computed with GTDBtk, which assigned the following taxonomic annotation: d__Bacteria;p__Firmicutes;c__Bacilli;o__Lactobacillales;f__Streptococcaceae;g__Lactococcus;s__Lactococcus lactis	multi-marker approach	
GB_GCA_948496745.1	GB_GCA_948496745.1	d__Bacteria;p__Bacillota;c__Bacilli;o__Lactobacillales;f__Streptococcaceae;g__Lactococcus;s__Lactococcus lactis	99.96	0.18	2226696	34.991444936520935	57458	91	SAMEA112391199	Faeces	none	f	t	f	GCA_948496745.1	SAMEA112391199			ERC000047	2023-02-03	2023-02-03	SAMEA112391199	UNIVERSITY OF CAMBRIDGE	UNIVERSITY OF CAMBRIDGE	2023-02-03T00:38:27Z	2023-02-03T00:38:27Z	public	MGBC117633		Many fragments with little to no review of assembly other than reporting of standard assembly statistics	metaSPAdes_v3.10.1	default parameters, kmer: 4	metaWRAP (MetaBAT2, MaxBin2 and CONCOCT)				not provided		99.01	CheckM	0.75				mouse gut		Faeces				South Korea	37.59712	127.05199						metagenome-assembled genome			feces			mouse-associated habitat				mouse gut metagenome				Metagenome-assembled genomes from the Mouse Gastrointestinal Bacteria Catalogue			ERR2059949	MGBC117633		Lactococcus lactis		Illumina							multi-marker approach	
GB_GCA_948514765.1	GB_GCA_948514765.1	d__Bacteria;p__Bacillota;c__Bacilli;o__Lactobacillales;f__Streptococcaceae;g__Lactococcus;s__Lactococcus lactis	97.65	1.27	2215457	34.888110659995185	53955	108	SAMEA112391140	Faeces	none	f	t	f	GCA_948514765.1	SAMEA112391140			ERC000047	2023-02-03	2023-02-03	SAMEA112391140	UNIVERSITY OF CAMBRIDGE	UNIVERSITY OF CAMBRIDGE	2023-02-03T00:39:30Z	2023-02-03T00:39:30Z	public	MGBC117572		Many fragments with little to no review of assembly other than reporting of standard assembly statistics	metaSPAdes_v3.10.1	default parameters, kmer: 4	metaWRAP (MetaBAT2, MaxBin2 and CONCOCT)				not provided		95.47	CheckM	0.19				mouse gut		Faeces				South Korea	37.59712	127.05199						metagenome-assembled genome			feces			mouse-associated habitat				mouse gut metagenome				Metagenome-assembled genomes from the Mouse Gastrointestinal Bacteria Catalogue			ERR2059947	MGBC117572		Lactococcus lactis		Illumina							multi-marker approach	
GB_GCA_948544615.1	GB_GCA_948544615.1	d__Bacteria;p__Bacillota;c__Bacilli;o__Lactobacillales;f__Streptococcaceae;g__Lactococcus;s__Lactococcus lactis	99.99	0.8	2281780	35.00604830842471	56308	97	SAMEA112391186	Faeces	none	f	t	f	GCA_948544615.1	SAMEA112391186			ERC000047	2023-02-03	2023-02-03	SAMEA112391186	UNIVERSITY OF CAMBRIDGE	UNIVERSITY OF CAMBRIDGE	2023-02-03T00:40:24Z	2023-02-03T00:40:24Z	public	MGBC117619		Many fragments with little to no review of assembly other than reporting of standard assembly statistics	metaSPAdes_v3.10.1	default parameters, kmer: 4	metaWRAP (MetaBAT2, MaxBin2 and CONCOCT)				not provided		99.25	CheckM	1.13				mouse gut		Faeces				South Korea	37.59712	127.05199						metagenome-assembled genome			feces			mouse-associated habitat				mouse gut metagenome				Metagenome-assembled genomes from the Mouse Gastrointestinal Bacteria Catalogue			ERR2059948	MGBC117619		Lactococcus lactis		Illumina							multi-marker approach	
GB_GCA_948619675.1	GB_GCA_948619675.1	d__Bacteria;p__Bacillota;c__Bacilli;o__Lactobacillales;f__Streptococcaceae;g__Lactococcus;s__Lactococcus lactis	93.37	3.11	2186892	34.90590004860913	10826	397	SAMEA112376319	Faeces	none	f	t	f	GCA_948619675.1	SAMEA112376319			ERC000047	2023-02-03	2023-02-03	SAMEA112376319	UNIVERSITY OF CAMBRIDGE	UNIVERSITY OF CAMBRIDGE	2023-02-03T00:37:08Z	2023-02-03T00:37:08Z	public	MGBC102352		Many fragments with little to no review of assembly other than reporting of standard assembly statistics	metaSPAdes_v3.10.1	default parameters, kmer: 4	metaWRAP (MetaBAT2, MaxBin2 and CONCOCT)				not provided		95.92	CheckM	0.21				mouse gut		Faeces				Israel	31.90785	34.81334						metagenome-assembled genome			feces			mouse-associated habitat				mouse gut metagenome				Metagenome-assembled genomes from the Mouse Gastrointestinal Bacteria Catalogue			ERR1725819	MGBC102352		Lactococcus lactis		Illumina							multi-marker approach	
GB_GCA_948622745.1	GB_GCA_948622745.1	d__Bacteria;p__Bacillota;c__Bacilli;o__Lactobacillales;f__Streptococcaceae;g__Lactococcus;s__Lactococcus lactis	95.74	0.38	2140117	35.142345212024686	14920	329	SAMEA112390395	Faeces	none	f	t	f	GCA_948622745.1	SAMEA112390395			ERC000047	2023-02-03	2023-02-03	SAMEA112390395	UNIVERSITY OF CAMBRIDGE	UNIVERSITY OF CAMBRIDGE	2023-02-03T00:44:17Z	2023-02-03T00:44:17Z	public	MGBC116806		Many fragments with little to no review of assembly other than reporting of standard assembly statistics	metaSPAdes_v3.10.1	default parameters, kmer: 4	metaWRAP (MetaBAT2, MaxBin2 and CONCOCT)				not provided		96.31	CheckM	0.38				mouse gut		Faeces				South Korea	37.59712	127.05199						metagenome-assembled genome			feces			mouse-associated habitat				mouse gut metagenome				Metagenome-assembled genomes from the Mouse Gastrointestinal Bacteria Catalogue			ERR2059929	MGBC116806		Lactococcus lactis		Illumina							multi-marker approach	
GB_GCA_948644855.1	GB_GCA_948644855.1	d__Bacteria;p__Bacillota;c__Bacilli;o__Lactobacillales;f__Streptococcaceae;g__Lactococcus;s__Lactococcus lactis	99.96	0.51	2301244	35.04257588915129	23124	201	SAMEA112391301	Faeces	none	f	t	f	GCA_948644855.1	SAMEA112391301			ERC000047	2023-02-03	2023-02-03	SAMEA112391301	UNIVERSITY OF CAMBRIDGE	UNIVERSITY OF CAMBRIDGE	2023-02-03T00:40:15Z	2023-02-03T00:40:15Z	public	MGBC117736		Many fragments with little to no review of assembly other than reporting of standard assembly statistics	metaSPAdes_v3.10.1	default parameters, kmer: 4	metaWRAP (MetaBAT2, MaxBin2 and CONCOCT)				not provided		97.17	CheckM	0.13				mouse gut		Faeces				South Korea	37.59712	127.05199						metagenome-assembled genome			feces			mouse-associated habitat				mouse gut metagenome				Metagenome-assembled genomes from the Mouse Gastrointestinal Bacteria Catalogue			ERR2059951	MGBC117736		Lactococcus lactis		Illumina							multi-marker approach	
GB_GCA_948654415.1	GB_GCA_948654415.1	d__Bacteria;p__Bacillota;c__Bacilli;o__Lactobacillales;f__Streptococcaceae;g__Lactococcus;s__Lactococcus lactis	100.0	0.95	2459712	34.940154356953094	76936	92	SAMEA112376279	Faeces	none	f	t	f	GCA_948654415.1	SAMEA112376279			ERC000047	2023-02-03	2023-02-03	SAMEA112376279	UNIVERSITY OF CAMBRIDGE	UNIVERSITY OF CAMBRIDGE	2023-02-03T00:36:33Z	2023-02-03T00:36:33Z	public	MGBC102312		Many fragments with little to no review of assembly other than reporting of standard assembly statistics	metaSPAdes_v3.10.1	default parameters, kmer: 4	metaWRAP (MetaBAT2, MaxBin2 and CONCOCT)				not provided		99.62	CheckM	0.38				mouse gut		Faeces				Israel	31.90785	34.81334						metagenome-assembled genome			feces			mouse-associated habitat				mouse gut metagenome				Metagenome-assembled genomes from the Mouse Gastrointestinal Bacteria Catalogue			ERR1725805	MGBC102312		Lactococcus lactis		Illumina							multi-marker approach	
GB_GCA_948655095.1	GB_GCA_948655095.1	d__Bacteria;p__Bacillota;c__Bacilli;o__Lactobacillales;f__Streptococcaceae;g__Lactococcus;s__Lactococcus cremoris	99.99	1.54	2397815	35.537802733702804	50218	88	SAMEA112390266	Faeces	none	f	t	f	GCA_948655095.1	SAMEA112390266			ERC000047	2023-02-03	2023-02-03	SAMEA112390266	UNIVERSITY OF CAMBRIDGE	UNIVERSITY OF CAMBRIDGE	2023-02-03T00:44:17Z	2023-02-03T00:44:17Z	public	MGBC116674		Many fragments with little to no review of assembly other than reporting of standard assembly statistics	metaSPAdes_v3.10.1	default parameters, kmer: 4	metaWRAP (MetaBAT2, MaxBin2 and CONCOCT)				not provided		99.62	CheckM	1.32				mouse gut		Faeces				USA	40.7128	-74.0059						metagenome-assembled genome			feces			mouse-associated habitat				mouse gut metagenome				Metagenome-assembled genomes from the Mouse Gastrointestinal Bacteria Catalogue			ERR1762111	MGBC116674		Lactococcus lactis		Illumina							multi-marker approach	
GB_GCA_948672875.1	GB_GCA_948672875.1	d__Bacteria;p__Bacillota;c__Bacilli;o__Lactobacillales;f__Streptococcaceae;g__Lactococcus;s__Lactococcus lactis	91.59	1.3	2074741	35.239230371364506	18531	233	SAMEA112391340	Faeces	none	f	t	f	GCA_948672875.1	SAMEA112391340			ERC000047	2023-02-03	2023-02-03	SAMEA112391340	UNIVERSITY OF CAMBRIDGE	UNIVERSITY OF CAMBRIDGE	2023-02-03T00:38:34Z	2023-02-03T00:38:34Z	public	MGBC117776		Many fragments with little to no review of assembly other than reporting of standard assembly statistics	metaSPAdes_v3.10.1	default parameters, kmer: 4	metaWRAP (MetaBAT2, MaxBin2 and CONCOCT)				not provided		95.72	CheckM	0.00				mouse gut		Faeces				South Korea	37.59712	127.05199						metagenome-assembled genome			feces			mouse-associated habitat				mouse gut metagenome				Metagenome-assembled genomes from the Mouse Gastrointestinal Bacteria Catalogue			ERR2059952	MGBC117776		Lactococcus lactis		Illumina							multi-marker approach	
GB_GCA_948674145.1	GB_GCA_948674145.1	d__Bacteria;p__Bacillota;c__Bacilli;o__Lactobacillales;f__Streptococcaceae;g__Lactococcus;s__Lactococcus lactis	100.0	0.18	2425906	34.9074858850223	52544	94	SAMEA112376254	Faeces	none	f	t	f	GCA_948674145.1	SAMEA112376254			ERC000047	2023-02-03	2023-02-03	SAMEA112376254	UNIVERSITY OF CAMBRIDGE	UNIVERSITY OF CAMBRIDGE	2023-02-03T00:36:22Z	2023-02-03T00:36:22Z	public	MGBC102287		Many fragments with little to no review of assembly other than reporting of standard assembly statistics	metaSPAdes_v3.10.1	default parameters, kmer: 4	metaWRAP (MetaBAT2, MaxBin2 and CONCOCT)				not provided		100	CheckM	0.38				mouse gut		Faeces				Israel	31.90785	34.81334						metagenome-assembled genome			feces			mouse-associated habitat				mouse gut metagenome				Metagenome-assembled genomes from the Mouse Gastrointestinal Bacteria Catalogue			ERR1725804	MGBC102287		Lactococcus lactis		Illumina							multi-marker approach	
GB_GCA_948675165.1	GB_GCA_948675165.1	d__Bacteria;p__Bacillota;c__Bacilli;o__Lactobacillales;f__Streptococcaceae;g__Lactococcus;s__Lactococcus cremoris	99.99	0.87	2385521	35.54222196693585	54974	76	SAMEA112390279	Faeces	none	f	t	f	GCA_948675165.1	SAMEA112390279			ERC000047	2023-02-03	2023-02-03	SAMEA112390279	UNIVERSITY OF CAMBRIDGE	UNIVERSITY OF CAMBRIDGE	2023-02-03T00:44:37Z	2023-02-03T00:44:37Z	public	MGBC116688		Many fragments with little to no review of assembly other than reporting of standard assembly statistics	metaSPAdes_v3.10.1	default parameters, kmer: 4	metaWRAP (MetaBAT2, MaxBin2 and CONCOCT)				not provided		99.25	CheckM	0.57				mouse gut		Faeces				USA	40.7128	-74.0059						metagenome-assembled genome			feces			mouse-associated habitat				mouse gut metagenome				Metagenome-assembled genomes from the Mouse Gastrointestinal Bacteria Catalogue			ERR1762112	MGBC116688		Lactococcus lactis		Illumina							multi-marker approach	
GB_GCA_948698275.1	GB_GCA_948698275.1	d__Bacteria;p__Bacillota;c__Bacilli;o__Lactobacillales;f__Streptococcaceae;g__Lactococcus;s__Lactococcus cremoris	100.0	0.2	2665548	35.75494064027006	42532	176	SAMEA112390298	Faeces	none	f	t	f	GCA_948698275.1	SAMEA112390298			ERC000047	2023-02-03	2023-02-03	SAMEA112390298	UNIVERSITY OF CAMBRIDGE	UNIVERSITY OF CAMBRIDGE	2023-02-03T00:44:57Z	2023-02-03T00:44:57Z	public	MGBC116708		Many fragments with little to no review of assembly other than reporting of standard assembly statistics	metaSPAdes_v3.10.1	default parameters, kmer: 4	metaWRAP (MetaBAT2, MaxBin2 and CONCOCT)				not provided		100	CheckM	0.75				mouse gut		Faeces				USA	40.7128	-74.0059						metagenome-assembled genome			feces			mouse-associated habitat				mouse gut metagenome				Metagenome-assembled genomes from the Mouse Gastrointestinal Bacteria Catalogue			ERR1762114	MGBC116708		Lactococcus lactis		Illumina							multi-marker approach	
GB_GCA_948700895.1	GB_GCA_948700895.1	d__Bacteria;p__Bacillota;c__Bacilli;o__Lactobacillales;f__Streptococcaceae;g__Lactococcus;s__Lactococcus lactis	100.0	0.85	2394489	34.966729714480685	76815	70	SAMEA112376288	Faeces	none	f	t	f	GCA_948700895.1	SAMEA112376288			ERC000047	2023-02-03	2023-02-03	SAMEA112376288	UNIVERSITY OF CAMBRIDGE	UNIVERSITY OF CAMBRIDGE	2023-02-03T00:36:37Z	2023-02-03T00:36:37Z	public	MGBC102321		Many fragments with little to no review of assembly other than reporting of standard assembly statistics	metaSPAdes_v3.10.1	default parameters, kmer: 4	metaWRAP (MetaBAT2, MaxBin2 and CONCOCT)				not provided		100	CheckM	0.31				mouse gut		Faeces				Israel	31.90785	34.81334						metagenome-assembled genome			feces			mouse-associated habitat				mouse gut metagenome				Metagenome-assembled genomes from the Mouse Gastrointestinal Bacteria Catalogue			ERR1725807	MGBC102321		Lactococcus lactis		Illumina							multi-marker approach	
GB_GCA_948703095.1	GB_GCA_948703095.1	d__Bacteria;p__Bacillota;c__Bacilli;o__Lactobacillales;f__Streptococcaceae;g__Lactococcus;s__Lactococcus cremoris	99.58	0.16	2125084	35.61317165225218	13508	310	SAMEA112380389	Faeces	none	f	t	f	GCA_948703095.1	SAMEA112380389			ERC000047	2023-02-03	2023-02-03	SAMEA112380389	UNIVERSITY OF CAMBRIDGE	UNIVERSITY OF CAMBRIDGE	2023-02-03T00:36:26Z	2023-02-03T00:36:26Z	public	MGBC106526		Many fragments with little to no review of assembly other than reporting of standard assembly statistics	metaSPAdes_v3.10.1	default parameters, kmer: 4	metaWRAP (MetaBAT2, MaxBin2 and CONCOCT)				not provided		96.92	CheckM	0.31				mouse gut		Faeces				USA	22.55545	114.05433						metagenome-assembled genome			feces			mouse-associated habitat				mouse gut metagenome				Metagenome-assembled genomes from the Mouse Gastrointestinal Bacteria Catalogue			ERR675538	MGBC106526		Lactococcus lactis		Illumina							multi-marker approach	
GB_GCA_948718815.1	GB_GCA_948718815.1	d__Bacteria;p__Bacillota;c__Bacilli;o__Lactobacillales;f__Streptococcaceae;g__Lactococcus;s__Lactococcus cremoris	99.99	0.16	2392332	35.532785445860995	50218	90	SAMEA112390291	Faeces	none	f	t	f	GCA_948718815.1	SAMEA112390291			ERC000047	2023-02-03	2023-02-03	SAMEA112390291	UNIVERSITY OF CAMBRIDGE	UNIVERSITY OF CAMBRIDGE	2023-02-03T00:44:47Z	2023-02-03T00:44:47Z	public	MGBC116701		Many fragments with little to no review of assembly other than reporting of standard assembly statistics	metaSPAdes_v3.10.1	default parameters, kmer: 4	metaWRAP (MetaBAT2, MaxBin2 and CONCOCT)				not provided		99.62	CheckM	0.57				mouse gut		Faeces				USA	40.7128	-74.0059						metagenome-assembled genome			feces			mouse-associated habitat				mouse gut metagenome				Metagenome-assembled genomes from the Mouse Gastrointestinal Bacteria Catalogue			ERR1762113	MGBC116701		Lactococcus lactis		Illumina							multi-marker approach	
GB_GCA_948741555.1	GB_GCA_948741555.1	d__Bacteria;p__Bacillota;c__Bacilli;o__Lactobacillales;f__Streptococcaceae;g__Lactococcus;s__Lactococcus lactis	100.0	1.12	2466609	34.969354007535706	63019	104	SAMEA112376285	Faeces	none	f	t	f	GCA_948741555.1	SAMEA112376285			ERC000047	2023-02-03	2023-02-03	SAMEA112376285	UNIVERSITY OF CAMBRIDGE	UNIVERSITY OF CAMBRIDGE	2023-02-03T00:36:37Z	2023-02-03T00:36:37Z	public	MGBC102318		Many fragments with little to no review of assembly other than reporting of standard assembly statistics	metaSPAdes_v3.10.1	default parameters, kmer: 4	metaWRAP (MetaBAT2, MaxBin2 and CONCOCT)				not provided		100	CheckM	0.31				mouse gut		Faeces				Israel	31.90785	34.81334						metagenome-assembled genome			feces			mouse-associated habitat				mouse gut metagenome				Metagenome-assembled genomes from the Mouse Gastrointestinal Bacteria Catalogue			ERR1725806	MGBC102318		Lactococcus lactis		Illumina							multi-marker approach	
GB_GCA_948748415.1	GB_GCA_948748415.1	d__Bacteria;p__Bacillota;c__Bacilli;o__Lactobacillales;f__Streptococcaceae;g__Lactococcus;s__Lactococcus lactis	100.0	0.63	2431218	34.91347849449536	40481	123	SAMEA112376341	Faeces	none	f	t	f	GCA_948748415.1	SAMEA112376341			ERC000047	2023-02-03	2023-02-03	SAMEA112376341	UNIVERSITY OF CAMBRIDGE	UNIVERSITY OF CAMBRIDGE	2023-02-03T00:37:19Z	2023-02-03T00:37:19Z	public	MGBC102374		Many fragments with little to no review of assembly other than reporting of standard assembly statistics	metaSPAdes_v3.10.1	default parameters, kmer: 4	metaWRAP (MetaBAT2, MaxBin2 and CONCOCT)				not provided		99.25	CheckM	0.69				mouse gut		Faeces				Israel	31.90785	34.81334						metagenome-assembled genome			feces			mouse-associated habitat				mouse gut metagenome				Metagenome-assembled genomes from the Mouse Gastrointestinal Bacteria Catalogue			ERR1725823	MGBC102374		Lactococcus lactis		Illumina							multi-marker approach	
GB_GCA_948777995.1	GB_GCA_948777995.1	d__Bacteria;p__Bacillota;c__Bacilli;o__Lactobacillales;f__Streptococcaceae;g__Lactococcus;s__Lactococcus lactis	99.97	0.14	2394630	34.87846321133268	44558	149	SAMEA112390541	Faeces	none	f	t	f	GCA_948777995.1	SAMEA112390541			ERC000047	2023-02-03	2023-02-03	SAMEA112390541	UNIVERSITY OF CAMBRIDGE	UNIVERSITY OF CAMBRIDGE	2023-02-03T00:44:47Z	2023-02-03T00:44:47Z	public	MGBC116959		Many fragments with little to no review of assembly other than reporting of standard assembly statistics	metaSPAdes_v3.10.1	default parameters, kmer: 4	metaWRAP (MetaBAT2, MaxBin2 and CONCOCT)				not provided		99.62	CheckM	0.19				mouse gut		Faeces				South Korea	37.59712	127.05199						metagenome-assembled genome			feces			mouse-associated habitat				mouse gut metagenome				Metagenome-assembled genomes from the Mouse Gastrointestinal Bacteria Catalogue			ERR2059933	MGBC116959		Lactococcus lactis		Illumina							multi-marker approach	
GB_GCA_948850205.1	GB_GCA_948850205.1	d__Bacteria;p__Bacillota;c__Bacilli;o__Lactobacillales;f__Streptococcaceae;g__Lactococcus;s__Lactococcus lactis	92.83	1.47	2099169	35.02528857848034	35421	103	SAMEA112390593	Faeces	none	f	t	f	GCA_948850205.1	SAMEA112390593			ERC000047	2023-02-03	2023-02-03	SAMEA112390593	UNIVERSITY OF CAMBRIDGE	UNIVERSITY OF CAMBRIDGE	2023-02-03T00:45:54Z	2023-02-03T00:45:54Z	public	MGBC117014		Many fragments with little to no review of assembly other than reporting of standard assembly statistics	megahit_v1.1.1-2-g02102e1	default parameters, kmer: 4	metaWRAP (MetaBAT2, MaxBin2 and CONCOCT)				not provided		93.11	CheckM	0.94				mouse gut		Faeces				South Korea	37.59712	127.05199						metagenome-assembled genome			feces			mouse-associated habitat				mouse gut metagenome				Metagenome-assembled genomes from the Mouse Gastrointestinal Bacteria Catalogue			ERR2059934	MGBC117014		Lactococcus lactis		Illumina							multi-marker approach	
GB_GCA_948896515.1	GB_GCA_948896515.1	d__Bacteria;p__Bacillota;c__Bacilli;o__Lactobacillales;f__Streptococcaceae;g__Lactococcus;s__Lactococcus lactis	100.0	0.53	2373415	34.930249493654564	73620	64	SAMEA112390814	Faeces	none	f	t	f	GCA_948896515.1	SAMEA112390814			ERC000047	2023-02-03	2023-02-03	SAMEA112390814	UNIVERSITY OF CAMBRIDGE	UNIVERSITY OF CAMBRIDGE	2023-02-03T00:45:09Z	2023-02-03T00:45:09Z	public	MGBC117237		Many fragments with little to no review of assembly other than reporting of standard assembly statistics	metaSPAdes_v3.10.1	default parameters, kmer: 4	metaWRAP (MetaBAT2, MaxBin2 and CONCOCT)				not provided		100	CheckM	0.44				mouse gut		Faeces				South Korea	37.59712	127.05199						metagenome-assembled genome			feces			mouse-associated habitat				mouse gut metagenome				Metagenome-assembled genomes from the Mouse Gastrointestinal Bacteria Catalogue			ERR2059940	MGBC117237		Lactococcus lactis		Illumina							multi-marker approach	
GB_GCA_948995465.1	GB_GCA_948995465.1	d__Bacteria;p__Bacillota;c__Bacilli;o__Lactobacillales;f__Streptococcaceae;g__Lactococcus;s__Lactococcus lactis	100.0	0.77	2391178	34.9010627998303	65369	72	SAMEA112390797	Faeces	none	f	t	f	GCA_948995465.1	SAMEA112390797			ERC000047	2023-02-03T00:44:48Z	2023-02-03T00:44:48Z	SAMEA112390797		UNIVERSITY OF CAMBRIDGE	2023-02-03T00:44:48Z	2023-02-03T00:44:48Z	public	MGBC117220		Many fragments with little to no review of assembly other than reporting of standard assembly statistics	metaSPAdes_v3.10.1	default parameters, kmer: 4	metaWRAP (MetaBAT2, MaxBin2 and CONCOCT)				not provided		100	CheckM	0.82				mouse gut		Faeces				South Korea	37.59712	127.05199						metagenome-assembled genome			feces			mouse-associated habitat				mouse gut metagenome				Metagenome-assembled genomes from the Mouse Gastrointestinal Bacteria Catalogue			ERR2059939	MGBC117220		Lactococcus lactis		Illumina							multi-marker approach	
GB_GCA_949006045.1	GB_GCA_949006045.1	d__Bacteria;p__Bacillota;c__Bacilli;o__Lactobacillales;f__Streptococcaceae;g__Lactococcus;s__Lactococcus lactis	92.4	0.26	2044191	35.26333147492324	10444	372	SAMEA112390751	Faeces	none	f	t	f	GCA_949006045.1	SAMEA112390751			ERC000047	2023-02-03	2023-02-03	SAMEA112390751	UNIVERSITY OF CAMBRIDGE	UNIVERSITY OF CAMBRIDGE	2023-02-03T00:43:46Z	2023-02-03T00:43:46Z	public	MGBC117174		Many fragments with little to no review of assembly other than reporting of standard assembly statistics	metaSPAdes_v3.10.1	default parameters, kmer: 4	metaWRAP (MetaBAT2, MaxBin2 and CONCOCT)				not provided		96.55	CheckM	0.00				mouse gut		Faeces				South Korea	37.59712	127.05199						metagenome-assembled genome			feces			mouse-associated habitat				mouse gut metagenome				Metagenome-assembled genomes from the Mouse Gastrointestinal Bacteria Catalogue			ERR2059938	MGBC117174		Lactococcus lactis		Illumina							multi-marker approach	
GB_GCA_949028585.1	GB_GCA_949028585.1	d__Bacteria;p__Bacillota;c__Bacilli;o__Lactobacillales;f__Streptococcaceae;g__Lactococcus;s__Lactococcus lactis	100.0	0.6	2472138	34.81404147698533	58252	85	SAMEA112390909	Faeces	none	f	t	f	GCA_949028585.1	SAMEA112390909			ERC000047	2023-02-03	2023-02-03	SAMEA112390909	UNIVERSITY OF CAMBRIDGE	UNIVERSITY OF CAMBRIDGE	2023-02-03T00:44:28Z	2023-02-03T00:44:28Z	public	MGBC117335		Many fragments with little to no review of assembly other than reporting of standard assembly statistics	metaSPAdes_v3.10.1	default parameters, kmer: 4	metaWRAP (MetaBAT2, MaxBin2 and CONCOCT)				not provided		100	CheckM	0.82				mouse gut		Faeces				South Korea	37.59712	127.05199						metagenome-assembled genome			feces			mouse-associated habitat				mouse gut metagenome				Metagenome-assembled genomes from the Mouse Gastrointestinal Bacteria Catalogue			ERR2059942	MGBC117335		Lactococcus lactis		Illumina							multi-marker approach	
GB_GCA_949428005.1	GB_GCA_949428005.1	d__Bacteria;p__Bacillota;c__Bacilli;o__Lactobacillales;f__Streptococcaceae;g__Lactococcus;s__Lactococcus lactis	91.52	0.33	2036534	35.217678663847494	20749	167	SAMEA112718961	mouse gut metagenome	none	f	t	f	GCA_949428005.1	SAMEA112718961			ERC000047	2023-03-06	2023-03-06	SAMEA112718961	HELMHOLTZ CENTRE FOR INFECTION RESEARCH	HELMHOLTZ CENTRE FOR INFECTION RESEARCH	2023-03-06T04:22:17Z	2023-03-06T04:22:17Z	public	extra-ERR2059950.31_1677762699		Many fragments with little to no review of assembly other than reporting of standard assembly statistics	metaSPAdes	default	metabat2				not provided		94.75	CheckM	0.82				mouse digestive system		feces				not provided	not provided	not provided						metagenome-assembled genome			mouse gut metagenome			mouse gut				mouse gut metagenome				Lysogeny is prevalent and widely distributed in the murin gut microbiota			SAMEA104188585	extra-ERR2059950.31_1677762699		Lactococcus lactis subsp. lactis JCM 5805 = NBRC 100933		Illumina HiSeq 4000					lactis		multi-marker approach	
GB_GCA_949439745.1	GB_GCA_949439745.1	d__Bacteria;p__Bacillota;c__Bacilli;o__Lactobacillales;f__Streptococcaceae;g__Lactococcus;s__Lactococcus lactis	99.95	0.32	2183980	35.09798624529529	36713	100	SAMEA112718985	mouse gut metagenome	none	f	t	f	GCA_949439745.1	SAMEA112718985			ERC000047	2023-03-06	2023-03-06	SAMEA112718985	HELMHOLTZ CENTRE FOR INFECTION RESEARCH	HELMHOLTZ CENTRE FOR INFECTION RESEARCH	2023-03-06T04:22:20Z	2023-03-06T04:22:20Z	public	extra-ERR2059951.6_1677762709		Many fragments with little to no review of assembly other than reporting of standard assembly statistics	metaSPAdes	default	metabat2				not provided		97.17	CheckM	0.25				mouse digestive system		feces				not provided	not provided	not provided						metagenome-assembled genome			mouse gut metagenome			mouse gut				mouse gut metagenome				Lysogeny is prevalent and widely distributed in the murin gut microbiota			SAMEA104188586	extra-ERR2059951.6_1677762709		Lactococcus lactis subsp. lactis JCM 5805 = NBRC 100933		Illumina HiSeq 4000					lactis		multi-marker approach	
GB_GCA_949444485.1	GB_GCA_949444485.1	d__Bacteria;p__Bacillota;c__Bacilli;o__Lactobacillales;f__Streptococcaceae;g__Lactococcus;s__Lactococcus lactis	99.25	0.55	2098968	35.27833678264747	30909	133	SAMEA112719033	mouse gut metagenome	none	f	t	f	GCA_949444485.1	SAMEA112719033			ERC000047	2023-03-06	2023-03-06	SAMEA112719033	HELMHOLTZ CENTRE FOR INFECTION RESEARCH	HELMHOLTZ CENTRE FOR INFECTION RESEARCH	2023-03-06T04:22:28Z	2023-03-06T04:22:28Z	public	extra-ERR2059952.50_1677762729		Many fragments with little to no review of assembly other than reporting of standard assembly statistics	metaSPAdes	default	metabat2				not provided		97.99	CheckM	0.22				mouse digestive system		feces				not provided	not provided	not provided						metagenome-assembled genome			mouse gut metagenome			mouse gut				mouse gut metagenome				Lysogeny is prevalent and widely distributed in the murin gut microbiota			SAMEA104188587	extra-ERR2059952.50_1677762729		Lactococcus lactis subsp. lactis JCM 5805 = NBRC 100933		Illumina HiSeq 4000					lactis		multi-marker approach	
GB_GCA_949460315.1	GB_GCA_949460315.1	d__Bacteria;p__Bacillota;c__Bacilli;o__Lactobacillales;f__Streptococcaceae;g__Lactococcus;s__Lactococcus lactis	98.93	0.24	2077038	35.18852327208265	21320	169	SAMEA112718117	mouse gut metagenome	none	f	t	f	GCA_949460315.1	SAMEA112718117			ERC000047	2023-03-06	2023-03-06	SAMEA112718117	HELMHOLTZ CENTRE FOR INFECTION RESEARCH	HELMHOLTZ CENTRE FOR INFECTION RESEARCH	2023-03-06T04:21:48Z	2023-03-06T04:21:48Z	public	extra-ERR2059929.10_1677761287		Many fragments with little to no review of assembly other than reporting of standard assembly statistics	metaSPAdes	default	metabat2				not provided		96.23	CheckM	0.7				mouse digestive system		feces				not provided	not provided	not provided						metagenome-assembled genome			mouse gut metagenome			mouse gut				mouse gut metagenome				Lysogeny is prevalent and widely distributed in the murin gut microbiota			SAMEA104188564	extra-ERR2059929.10_1677761287		Lactococcus lactis subsp. lactis JCM 5805 = NBRC 100933		Illumina HiSeq 4000					lactis		multi-marker approach	
GB_GCA_949462505.1	GB_GCA_949462505.1	d__Bacteria;p__Bacillota;c__Bacilli;o__Lactobacillales;f__Streptococcaceae;g__Lactococcus;s__Lactococcus lactis	90.98	2.96	2094108	35.085678484586275	11083	311	SAMEA112718592	mouse gut metagenome	none	f	t	f	GCA_949462505.1	SAMEA112718592			ERC000047	2023-03-06	2023-03-06	SAMEA112718592	HELMHOLTZ CENTRE FOR INFECTION RESEARCH	HELMHOLTZ CENTRE FOR INFECTION RESEARCH	2023-03-06T04:21:46Z	2023-03-06T04:21:46Z	public	extra-ERR2059941.20_1677761479		Many fragments with little to no review of assembly other than reporting of standard assembly statistics	metaSPAdes	default	metabat2				not provided		92.28	CheckM	1.79				mouse digestive system		feces				not provided	not provided	not provided						metagenome-assembled genome			mouse gut metagenome			mouse gut				mouse gut metagenome				Lysogeny is prevalent and widely distributed in the murin gut microbiota			SAMEA104188576	extra-ERR2059941.20_1677761479		Lactococcus lactis subsp. lactis JCM 5805 = NBRC 100933		Illumina HiSeq 4000					lactis		multi-marker approach	
GB_GCA_949470665.1	GB_GCA_949470665.1	d__Bacteria;p__Bacillota;c__Bacilli;o__Lactobacillales;f__Streptococcaceae;g__Lactococcus;s__Lactococcus lactis	96.43	1.49	2061101	35.21981698131241	22908	170	SAMEA112718479	mouse gut metagenome	none	f	t	f	GCA_949470665.1	SAMEA112718479			ERC000047	2023-03-06	2023-03-06	SAMEA112718479	HELMHOLTZ CENTRE FOR INFECTION RESEARCH	HELMHOLTZ CENTRE FOR INFECTION RESEARCH	2023-03-06T04:21:46Z	2023-03-06T04:21:46Z	public	extra-ERR2059938.18_1677761433		Many fragments with little to no review of assembly other than reporting of standard assembly statistics	metaSPAdes	default	metabat2				not provided		96.6	CheckM	0.68				mouse digestive system		feces				not provided	not provided	not provided						metagenome-assembled genome			mouse gut metagenome			mouse gut				mouse gut metagenome				Lysogeny is prevalent and widely distributed in the murin gut microbiota			SAMEA104188573	extra-ERR2059938.18_1677761433		Lactococcus lactis subsp. lactis JCM 5805 = NBRC 100933		Illumina HiSeq 4000					lactis		multi-marker approach	
GB_GCA_949840595.1	GB_GCA_949840595.1	d__Bacteria;p__Bacillota;c__Bacilli;o__Lactobacillales;f__Streptococcaceae;g__Lactococcus;s__Lactococcus lactis	99.96	0.16	2117040	35.00566829157692	49326	82	SAMEA112936101	mouse gut metagenome	none	f	t	f	GCA_949840595.1	SAMEA112936101			ERC000047	2023-04-20	2023-04-20	SAMEA112936101	UNIVERSITY OF GENEVA	UNIVERSITY OF GENEVA	2023-04-20T20:20:11Z	2023-04-20T20:20:11Z	public	MGG02528_1680015497		Many fragments with little to no review of assembly other than reporting of standard assembly statistics	metaSpades_v3.13	default	metagenome_atlas_v2.3				not provided		98.87	checkM_v1.1	0.19				Host-associated		Feces				not provided	not provided	not provided						metagenome-assembled genome			mouse gut metagenome			Mouse digestive system				mouse gut metagenome				This sample represents a Third Party Annotation (TPA) Metagenome-assembled genome assembled from the metagenomic run ERR2059948 of study ERP024324.			SAMEA104188583	MGG02528_1680015497		Lactococcus lactis		Illumina HiSeq 4000							multi-marker approach	
GB_GCA_958421465.1	GB_GCA_958421465.1	d__Bacteria;p__Bacillota;c__Bacilli;o__Lactobacillales;f__Streptococcaceae;g__Lactococcus;s__Lactococcus lactis	96.72	0.2	2230498	34.997386233926235	45111	80	SAMEA114063391	human feces metagenome	none	f	t	f	GCA_958421465.1	SAMEA114063391			ERC000047	2023-07-13T16:22:55Z	2023-07-13T16:22:55Z	SAMEA114063391	EMG	EMG	2023-07-13T16:22:55Z	2023-07-13T16:22:55Z	public	ERR9578277_bin.11_MetaWRAP_v1.3_MAG		Many fragments with little to no review of assembly other than reporting of standard assembly statistics	metaspades v3.15.3	MaxBin2, MetaBat2, Concoct with default parameter of the metaWRAP pipeline. Bin refinement module used from metaWRAP with default parameters.	MetaWRAP v1.3		EMG broker account, EMBL-EBI		2018		97.88	CheckM	0.0				Human digestive system		faeces				Germany	48.5216364	9.0576448						metagenome-assembled genome			human feces metagenome			colon				human feces metagenome				Changes in intestinal microbiome composition have been described in animal models of Alzheimer`s disease (AD) and AD patients. Here we investigated how well taxonomic and functional intestinal microbiome data can be used to discriminate between amyloid-positive AD patients and cognitively healthy elderly controls.			SAMEA13959675	ERR9578277_bin.11_MetaWRAP_v1.3_MAG		Lactococcus lactis		Illumina HiSeq 2000						The taxonomy of this Metagenome-Assembled Genome was originally computed with GTDBtk, which assigned the following taxonomic annotation: d__Bacteria;p__Firmicutes;c__Bacilli;o__Lactobacillales;f__Streptococcaceae;g__Lactococcus;s__Lactococcus lactis	multi-marker approach	
RS_GCF_003472365.1	RS_GCF_003472365.1	d__Bacteria;p__Bacillota;c__Bacilli;o__Lactobacillales;f__Streptococcaceae;g__Lactococcus;s__Lactococcus lactis	100.0	0.32	2363031	34.90546514988843	355599	15	SAMN09734781	feces	China: Shenzhen	t	f	f	GCA_003472365.1	SAMN09734781																					2013-07-01														China: Shenzhen			Homo sapiens								feces																whole organism							AM11-49				
RS_GCF_014334715.1	RS_GCF_014334715.1	d__Bacteria;p__Bacillota;c__Bacilli;o__Lactobacillales;f__Streptococcaceae;g__Lactococcus;s__Lactococcus lactis	100.0	0.14	2375093	35.01408155385916	2375093	1	SAMN15183971	feces	South Korea	t	f	f	GCA_014334715.1	SAMN15183971																					2016-10-04														South Korea			Grasshopper								feces																cell culture							K_LL005				
RS_GCF_014830215.1	RS_GCF_014830215.1	d__Bacteria;p__Bacillota;c__Bacilli;o__Lactobacillales;f__Streptococcaceae;g__Lactococcus;s__Lactococcus lactis	100.0	0.31	2330865	35.01442597490631	99892	55	SAMN09762740	Human feces	India: Rajasthan	t	f	f	GCA_014830215.1	SAMN09762740																					2013-11														India:Rajasthan											Human feces																microbe							RJAA.1(a)				
RS_GCF_018916825.1	RS_GCF_018916825.1	d__Bacteria;p__Bacillota;c__Bacilli;o__Lactobacillales;f__Streptococcaceae;g__Lactococcus;s__Lactococcus lactis	100.0	0.52	2445684	34.91571274130264	162520	44	SAMN19374079	feces	China: Suzhou	t	f	f	GCA_018916825.1	SAMN19374079																					2019-08														China: Suzhou			Macaca fascicularis								feces																cell culture							N35				
RS_GCF_020553675.1	RS_GCF_020553675.1	d__Bacteria;p__Bacillota;c__Bacilli;o__Lactobacillales;f__Streptococcaceae;g__Lactococcus;s__Lactococcus lactis	100.0	0.1	2470174	34.9105771496259	77832	102	SAMN22165187	fecal sample	USA: New York	t	f	f	GCA_020553675.1	SAMN22165187																													not applicable						USA:New York			Homo sapiens								fecal sample																cell culture		TM47					MSK.18.79				
RS_GCF_020782925.1	RS_GCF_020782925.1	d__Bacteria;p__Bacillota;c__Bacilli;o__Lactobacillales;f__Streptococcaceae;g__Lactococcus;s__Lactococcus lactis	100.0	0.4	2893565	34.53832901628268	488067	53	SAMN22307046	feces	South Africa: Northwest of Grahamstown	f	t	f	GCA_020782925.1	SAMN22307046																					2019-04														South Africa: Northwest of Grahamstown			Rhinolophus capensis			Feces					feces		33.285556 S 26.427389 E														Cell culture							Three				
RS_GCF_021961665.1	RS_GCF_021961665.1	d__Bacteria;p__Bacillota;c__Bacilli;o__Lactobacillales;f__Streptococcaceae;g__Lactococcus;s__Lactococcus lactis	100.0	0.2	2416341	34.83655659528188	551574	12	SAMN22212105	dPANK/fbl mutant fly guts	Netherlands: Groningen	t	f	f	GCA_021961665.1	SAMN22212105																					2019-09														Netherlands: Groningen			Drosophila melanogaster								dPANK/fbl mutant fly guts								Sibon lab								fly gut							UGLL01				
RS_GCF_024461915.1	RS_GCF_024461915.1	d__Bacteria;p__Bacillota;c__Bacilli;o__Lactobacillales;f__Streptococcaceae;g__Lactococcus;s__Lactococcus lactis	100.0	0.62	2483607	34.842589830033496	354844	49	SAMN28944560	fecal sample	USA: Chicago	f	t	f	GCA_024461915.1	SAMN28944560																													not applicable						USA:Chicago			Homo sapiens								fecal sample																cell culture		220104-DFI.7.81					DFI.7.81				
RS_GCF_024461935.1	RS_GCF_024461935.1	d__Bacteria;p__Bacillota;c__Bacilli;o__Lactobacillales;f__Streptococcaceae;g__Lactococcus;s__Lactococcus lactis	100.0	1.44	2497795	34.88705037843378	368922	55	SAMN28944559	fecal sample	USA: Chicago	t	f	f	GCA_024461935.1	SAMN28944559																													not applicable						USA:Chicago			Homo sapiens								fecal sample																cell culture		220104-DFI.7.80					DFI.7.80				
RS_GCF_025128595.1	RS_GCF_025128595.1	d__Bacteria;p__Bacillota;c__Bacilli;o__Lactobacillales;f__Streptococcaceae;g__Lactococcus;s__Lactococcus lactis	100.0	1.17	2720045	34.81129907777261	132662	130	SAMN10365207	Termite Gut	none	t	f	f	GCA_025128595.1	SAMN10365207																					unknown														unknown											Termite Gut																cell culture							NCDO2125	lactis			
RS_GCF_027661125.1	RS_GCF_027661125.1	d__Bacteria;p__Bacillota;c__Bacilli;o__Lactobacillales;f__Streptococcaceae;g__Lactococcus;s__Lactococcus lactis	100.0	0.12	2343593	34.85681783172815	322920	23	SAMN31808596	fecal material [ENVO:00002003]	China: Shenzhen	t	f	f	GCA_027661125.1	SAMN31808596																					2014-02-01								microbial community [PCO:1000004]	fecal material [ENVO:00002003]	fecal material [ENVO:00002003]				China: Shenzhen			Homo sapiens						not applicable				22.32 N 114.05 E							1			not applicable											AM100_PB1_LT_1D_21A				
RS_GCF_027672645.1	RS_GCF_027672645.1	d__Bacteria;p__Bacillota;c__Bacilli;o__Lactobacillales;f__Streptococcaceae;g__Lactococcus;s__Lactococcus lactis	99.99	0.72	2435131	34.73134869578752	280763	33	SAMN31809029	fecal material [ENVO:00002003]	China: Shenzhen	f	t	f	GCA_027672645.1	SAMN31809029																					2014-02-01								microbial community [PCO:1000004]	fecal material [ENVO:00002003]	fecal material [ENVO:00002003]				China: Shenzhen			Homo sapiens						not applicable				22.32 N 114.05 E							1			not applicable											AM113-80				
RS_GCF_027672665.1	RS_GCF_027672665.1	d__Bacteria;p__Bacillota;c__Bacilli;o__Lactobacillales;f__Streptococcaceae;g__Lactococcus;s__Lactococcus lactis	100.0	0.33	2436786	34.87823315574386	158057	57	SAMN31809027	fecal material [ENVO:00002003]	China: Shenzhen	f	t	f	GCA_027672665.1	SAMN31809027																					2014-02-01								microbial community [PCO:1000004]	fecal material [ENVO:00002003]	fecal material [ENVO:00002003]				China: Shenzhen			Homo sapiens						not applicable				22.32 N 114.05 E							1			not applicable											AM113-77				
RS_GCF_027672695.1	RS_GCF_027672695.1	d__Bacteria;p__Bacillota;c__Bacilli;o__Lactobacillales;f__Streptococcaceae;g__Lactococcus;s__Lactococcus lactis	100.0	0.33	2435804	34.88461652154777	147745	60	SAMN31809026	fecal material [ENVO:00002003]	China: Shenzhen	t	f	f	GCA_027672695.1	SAMN31809026																					2014-02-01								microbial community [PCO:1000004]	fecal material [ENVO:00002003]	fecal material [ENVO:00002003]				China: Shenzhen			Homo sapiens						not applicable				22.32 N 114.05 E							1			not applicable											AM113-76				
RS_GCF_027672725.1	RS_GCF_027672725.1	d__Bacteria;p__Bacillota;c__Bacilli;o__Lactobacillales;f__Streptococcaceae;g__Lactococcus;s__Lactococcus lactis	100.0	0.17	2467394	34.91203357202854	136750	60	SAMN31809025	fecal material [ENVO:00002003]	China: Shenzhen	t	f	f	GCA_027672725.1	SAMN31809025																					2014-02-01								microbial community [PCO:1000004]	fecal material [ENVO:00002003]	fecal material [ENVO:00002003]				China: Shenzhen			Homo sapiens						not applicable				22.32 N 114.05 E							1			not applicable											AM113-72				
RS_GCF_027672785.1	RS_GCF_027672785.1	d__Bacteria;p__Bacillota;c__Bacilli;o__Lactobacillales;f__Streptococcaceae;g__Lactococcus;s__Lactococcus lactis	100.0	0.41	2450535	34.854060098061815	198425	32	SAMN31809024	fecal material [ENVO:00002003]	China: Shenzhen	f	t	f	GCA_027672785.1	SAMN31809024																					2014-02-01								microbial community [PCO:1000004]	fecal material [ENVO:00002003]	fecal material [ENVO:00002003]				China: Shenzhen			Homo sapiens						not applicable				22.32 N 114.05 E							1			not applicable											AM113-71				
RS_GCF_027672865.1	RS_GCF_027672865.1	d__Bacteria;p__Bacillota;c__Bacilli;o__Lactobacillales;f__Streptococcaceae;g__Lactococcus;s__Lactococcus lactis	100.0	1.11	2499458	34.899800665621584	161129	69	SAMN31809019	fecal material [ENVO:00002003]	China: Shenzhen	t	f	f	GCA_027672865.1	SAMN31809019																					2014-02-01								microbial community [PCO:1000004]	fecal material [ENVO:00002003]	fecal material [ENVO:00002003]				China: Shenzhen			Homo sapiens						not applicable				22.32 N 114.05 E							1			not applicable											AM113-60				
RS_GCF_027672965.1	RS_GCF_027672965.1	d__Bacteria;p__Bacillota;c__Bacilli;o__Lactobacillales;f__Streptococcaceae;g__Lactococcus;s__Lactococcus lactis	100.0	0.41	2450569	34.848557189080395	174398	32	SAMN31809015	fecal material [ENVO:00002003]	China: Shenzhen	t	f	f	GCA_027672965.1	SAMN31809015																					2014-02-01								microbial community [PCO:1000004]	fecal material [ENVO:00002003]	fecal material [ENVO:00002003]				China: Shenzhen			Homo sapiens						not applicable				22.32 N 114.05 E							1			not applicable											AM113-57				
RS_GCF_027673065.1	RS_GCF_027673065.1	d__Bacteria;p__Bacillota;c__Bacilli;o__Lactobacillales;f__Streptococcaceae;g__Lactococcus;s__Lactococcus lactis	100.0	0.23	2584305	34.73673008569599	148051	93	SAMN31809012	fecal material [ENVO:00002003]	China: Shenzhen	t	f	f	GCA_027673065.1	SAMN31809012																					2014-02-01								microbial community [PCO:1000004]	fecal material [ENVO:00002003]	fecal material [ENVO:00002003]				China: Shenzhen			Homo sapiens						not applicable				22.32 N 114.05 E							1			not applicable											AM113-53				
RS_GCF_027673085.1	RS_GCF_027673085.1	d__Bacteria;p__Bacillota;c__Bacilli;o__Lactobacillales;f__Streptococcaceae;g__Lactococcus;s__Lactococcus lactis	100.0	0.41	2448497	34.85070332337192	145843	36	SAMN31809011	fecal material [ENVO:00002003]	China: Shenzhen	t	f	f	GCA_027673085.1	SAMN31809011																					2014-02-01								microbial community [PCO:1000004]	fecal material [ENVO:00002003]	fecal material [ENVO:00002003]				China: Shenzhen			Homo sapiens						not applicable				22.32 N 114.05 E							1			not applicable											AM113-46				
RS_GCF_027673155.1	RS_GCF_027673155.1	d__Bacteria;p__Bacillota;c__Bacilli;o__Lactobacillales;f__Streptococcaceae;g__Lactococcus;s__Lactococcus lactis	100.0	0.41	2446733	34.84388928239056	202986	32	SAMN31809008	fecal material [ENVO:00002003]	China: Shenzhen	t	f	f	GCA_027673155.1	SAMN31809008																					2014-02-01								microbial community [PCO:1000004]	fecal material [ENVO:00002003]	fecal material [ENVO:00002003]				China: Shenzhen			Homo sapiens						not applicable				22.32 N 114.05 E							1			not applicable											AM113-39				
RS_GCF_027673225.1	RS_GCF_027673225.1	d__Bacteria;p__Bacillota;c__Bacilli;o__Lactobacillales;f__Streptococcaceae;g__Lactococcus;s__Lactococcus lactis	100.0	0.41	2448653	34.850443293584135	202727	36	SAMN31809004	fecal material [ENVO:00002003]	China: Shenzhen	f	t	f	GCA_027673225.1	SAMN31809004																					2014-02-01								microbial community [PCO:1000004]	fecal material [ENVO:00002003]	fecal material [ENVO:00002003]				China: Shenzhen			Homo sapiens						not applicable				22.32 N 114.05 E							1			not applicable											AM113-33				
RS_GCF_027673305.1	RS_GCF_027673305.1	d__Bacteria;p__Bacillota;c__Bacilli;o__Lactobacillales;f__Streptococcaceae;g__Lactococcus;s__Lactococcus lactis	100.0	0.6	2500523	34.78083332966726	171990	70	SAMN31809002	fecal material [ENVO:00002003]	China: Shenzhen	f	t	f	GCA_027673305.1	SAMN31809002																					2014-02-01								microbial community [PCO:1000004]	fecal material [ENVO:00002003]	fecal material [ENVO:00002003]				China: Shenzhen			Homo sapiens						not applicable				22.32 N 114.05 E							1			not applicable											AM113-31				
RS_GCF_027673485.1	RS_GCF_027673485.1	d__Bacteria;p__Bacillota;c__Bacilli;o__Lactobacillales;f__Streptococcaceae;g__Lactococcus;s__Lactococcus lactis	100.0	0.32	2438718	34.880331723431496	209122	49	SAMN31808989	fecal material [ENVO:00002003]	China: Shenzhen	t	f	f	GCA_027673485.1	SAMN31808989																					2014-02-01								microbial community [PCO:1000004]	fecal material [ENVO:00002003]	fecal material [ENVO:00002003]				China: Shenzhen			Homo sapiens						not applicable				22.32 N 114.05 E							1			not applicable											AM113-190				
RS_GCF_027674205.1	RS_GCF_027674205.1	d__Bacteria;p__Bacillota;c__Bacilli;o__Lactobacillales;f__Streptococcaceae;g__Lactococcus;s__Lactococcus lactis	100.0	0.25	2439777	34.90824772397217	122867	64	SAMN31808961	fecal material [ENVO:00002003]	China: Shenzhen	f	t	f	GCA_027674205.1	SAMN31808961																					2014-02-01								microbial community [PCO:1000004]	fecal material [ENVO:00002003]	fecal material [ENVO:00002003]				China: Shenzhen			Homo sapiens						not applicable				22.32 N 114.05 E							1			not applicable											AM113-125				
RS_GCF_027674325.1	RS_GCF_027674325.1	d__Bacteria;p__Bacillota;c__Bacilli;o__Lactobacillales;f__Streptococcaceae;g__Lactococcus;s__Lactococcus lactis	100.0	0.38	2448466	34.929308813168184	118575	78	SAMN31808954	fecal material [ENVO:00002003]	China: Shenzhen	t	f	f	GCA_027674325.1	SAMN31808954																					2014-02-01								microbial community [PCO:1000004]	fecal material [ENVO:00002003]	fecal material [ENVO:00002003]				China: Shenzhen			Homo sapiens						not applicable				22.32 N 114.05 E							1			not applicable											AM113-102				
RS_GCF_027674405.1	RS_GCF_027674405.1	d__Bacteria;p__Bacillota;c__Bacilli;o__Lactobacillales;f__Streptococcaceae;g__Lactococcus;s__Lactococcus lactis	100.0	0.25	2443528	34.90745341157346	136750	65	SAMN31808949	fecal material [ENVO:00002003]	China: Shenzhen	t	f	f	GCA_027674405.1	SAMN31808949																					2014-02-01								microbial community [PCO:1000004]	fecal material [ENVO:00002003]	fecal material [ENVO:00002003]				China: Shenzhen			Homo sapiens						not applicable				22.32 N 114.05 E							1			not applicable											AM113-04				
RS_GCF_027674685.1	RS_GCF_027674685.1	d__Bacteria;p__Bacillota;c__Bacilli;o__Lactobacillales;f__Streptococcaceae;g__Lactococcus;s__Lactococcus lactis	100.0	0.25	2438854	34.913422647067506	174245	64	SAMN31808966	fecal material [ENVO:00002003]	China: Shenzhen	f	t	f	GCA_027674685.1	SAMN31808966																					2014-02-01								microbial community [PCO:1000004]	fecal material [ENVO:00002003]	fecal material [ENVO:00002003]				China: Shenzhen			Homo sapiens						not applicable				22.32 N 114.05 E							1			not applicable											AM113-14				
RS_GCF_027676035.1	RS_GCF_027676035.1	d__Bacteria;p__Bacillota;c__Bacilli;o__Lactobacillales;f__Streptococcaceae;g__Lactococcus;s__Lactococcus lactis	100.0	0.17	2342781	34.82236804754894	130196	54	SAMN31809473	fecal material [ENVO:00002003]	China: Shenzhen	f	t	f	GCA_027676035.1	SAMN31809473																					2014-02-01								microbial community [PCO:1000004]	fecal material [ENVO:00002003]	fecal material [ENVO:00002003]				China: Shenzhen			Homo sapiens						not applicable				22.32 N 114.05 E							1			not applicable											UN03-211				
RS_GCF_027676135.1	RS_GCF_027676135.1	d__Bacteria;p__Bacillota;c__Bacilli;o__Lactobacillales;f__Streptococcaceae;g__Lactococcus;s__Lactococcus lactis	100.0	0.3	2705918	34.70970379054087	152192	62	SAMN31809470	fecal material [ENVO:00002003]	China: Shenzhen	t	f	f	GCA_027676135.1	SAMN31809470																					2014-02-01								microbial community [PCO:1000004]	fecal material [ENVO:00002003]	fecal material [ENVO:00002003]				China: Shenzhen			Homo sapiens						not applicable				22.32 N 114.05 E							1			not applicable											UN03-203				
RS_GCF_027676165.1	RS_GCF_027676165.1	d__Bacteria;p__Bacillota;c__Bacilli;o__Lactobacillales;f__Streptococcaceae;g__Lactococcus;s__Lactococcus lactis	99.99	1.97	2598384	34.77775759320526	168911	64	SAMN31809469	fecal material [ENVO:00002003]	China: Shenzhen	t	f	f	GCA_027676165.1	SAMN31809469																					2014-02-01								microbial community [PCO:1000004]	fecal material [ENVO:00002003]	fecal material [ENVO:00002003]				China: Shenzhen			Homo sapiens						not applicable				22.32 N 114.05 E							1			not applicable											UN03-201				
RS_GCF_027679985.1	RS_GCF_027679985.1	d__Bacteria;p__Bacillota;c__Bacilli;o__Lactobacillales;f__Streptococcaceae;g__Lactococcus;s__Lactococcus lactis	100.0	0.63	2480645	34.808000467627856	233983	43	SAMN31809318	fecal material [ENVO:00002003]	China: Shenzhen	t	f	f	GCA_027679985.1	SAMN31809318																					2014-02-01								microbial community [PCO:1000004]	fecal material [ENVO:00002003]	fecal material [ENVO:00002003]				China: Shenzhen			Homo sapiens						not applicable				22.32 N 114.05 E							1			not applicable											TM115-01				
RS_GCF_027688475.1	RS_GCF_027688475.1	d__Bacteria;p__Bacillota;c__Bacilli;o__Lactobacillales;f__Streptococcaceae;g__Lactococcus;s__Lactococcus lactis	100.0	0.24	2338687	34.92166390073964	117869	65	SAMN31807700	fecal material [ENVO:00002003]	China: Shenzhen	f	t	f	GCA_027688475.1	SAMN31807700																					2014-02-01								microbial community [PCO:1000004]	fecal material [ENVO:00002003]	fecal material [ENVO:00002003]				China: Shenzhen			Homo sapiens						not applicable				22.32 N 114.05 E							1			not applicable											AF03-11				
RS_GCF_902364565.1	RS_GCF_902364565.1	d__Bacteria;p__Bacillota;c__Bacilli;o__Lactobacillales;f__Streptococcaceae;g__Lactococcus;s__Lactococcus lactis	100.0	0.32	2363031	34.90546514988843	355599	15	SAMEA5849728	human gut	none	t	f	f	GCA_902364565.1	SAMEA5849728			ERC000011	2019-08-06T09:56:06Z	2019-08-06T09:56:06Z	SAMEA5849728		EMG	2019-08-06T09:56:06Z	2019-08-06T09:56:06Z	public	MGYG-HGUT-00226							EBI-EMG			Lactococcus lactis	100		0.76				human-associated habitat	human gut					China								isolate			human gut											Human gut genomes			SAMN09734781	MGYG-HGUT-00226		Lactococcus lactis										
RS_GCF_932750895.1	RS_GCF_932750895.1	d__Bacteria;p__Bacillota;c__Bacilli;o__Lactobacillales;f__Streptococcaceae;g__Lactococcus;s__Lactococcus lactis	100.0	0.04	2582571	34.89003787311172	161421	70	SAMEA13256549	gut content	none	t	f	f	GCA_932750895.1	SAMEA13256549	2022-03-08	2022-03-08	ERC000013			SAMEA13256549	RWTH Aachen University Hospital	RWTH Aachen University Hospital	2022-03-08T16:23:00Z	2022-03-08T16:23:00Z	public	Lactococcus_lactis_DSM110082									2019-03-15								mouse gastrointestinal tract	mouse intestine	gut content				Germany	50.776389	6.043611		host-associated	10090			single amplified genome														Enriched cultured diversity of the mouse gut microbiota for custom-made synthetic communities				Lactococcus_lactis_DSM110082				Illumina NextSeq500								
