ID	accession	gtdb_taxonomy	checkm2_completeness	checkm2_contamination	genome_size	gc_percentage	n50_contigs	contig_count	ncbi_biosample	isolation_source_x	country	mimag_high_quality	mimag_medium_quality	gtdb_representative	ncbi_genbank_assembly_accession	BioSample	ENA first public	ENA last update	ENA-CHECKLIST	ENA-FIRST-PUBLIC	ENA-LAST-UPDATE	External Id	INSDC center alias	INSDC center name	INSDC first public	INSDC last update	INSDC status	Submitter Id	assembly quality	assembly software	binning parameters	binning software	broker name	collection_date	common name	completeness score	completeness software	contamination score	env_broad_scale	env_local_scale	env_medium	geo_loc_name	geographic location (latitude)	geographic location (longitude)	host	host-associated environmental package	host_health_state	host_strain	host_taxid	investigation_type	isol_growth_condt	isolate	isolation_source_y	lat_lon	local environmental context	metagenomic source	num_replicons	project_name	ref_biomaterial	sample derived from	sample_name	sample_type	scientific_name	sequencing method	strain	taxonomic classification	taxonomic identity marker
GCA_947382255.1	GB_GCA_947382255.1	d__Bacteria;p__Bacteroidota;c__Bacteroidia;o__Bacteroidales;f__Tannerellaceae;g__Parabacteroides;s__Parabacteroides goldsteinii	90.24	1.1	5256823	43.86556290748233	15087	440	SAMEA112151311	mouse gut metagenome	none	f	t	f	GCA_947382255.1	SAMEA112151311			ERC000047	2022-11-21	2022-11-21	SAMEA112151311	EMG	EMG	2022-11-21T20:19:12Z	2022-11-21T20:19:12Z	public	ERR6760059_bin.66_metawrap_v1.3_MAG	Many fragments with little to no review of assembly other than reporting of standard assembly statistics	metaSPAdes v3.15.3	MaxBin2, MetaBat2, Concoct with default parameter of the metaWRAP pipeline. Bin refinement module used from metaWRAP with default parameters.	metawrap v1.3	EMG broker account, EMBL-EBI	2018-01-01		94.57	CheckM	0.71	mouse digestive system		feces	USA	not provided	not provided						metagenome-assembled genome			mouse gut metagenome		digestive tube	mouse gut metagenome		Polycystic ovary syndrome (PCOS) impacts ~10% of reproductive-aged women worldwide. In addition to infertility, women with PCOS suffer from metabolic dysregulation which increases their risk of developing type 2 diabetes, cardiovascular disease and non-alcoholic fatty liver disease. Studies have shown differences in the gut microbiome of women with PCOS compared to women without the disorder, a pattern replicated in mouse models. Recently, using a letrozole-induced mouse model of PCOS, we demonstrated that cohousing was protective against development of both metabolic and reproductive phenotypes and showed via 16S amplicon sequencing that this protection correlated with time-dependent shifts in gut bacteria. Here, we applied untargeted metabolomics and shotgun metagenomics approaches to further analyze the longitudinal samples from the cohousing experiment. Analysis of beta diversity with the three â€˜omics datasets found that untargeted metabolites had the strongest correlation to both disease and cohoused states and that shifts in metabolite diversity were detected prior to shifts in bacterial diversity. In addition, log2-fold analyses found numerous metabolite features, particularly bile acids (BA), to be highly differentiated between placebo (P) and letrozole (LET), as well as cohoused LET versus LET. Moreover, combination of BA and metagenomic features resulted in the best overall random forest classification accuracy, with BAs contributing the most to the classification accuracy. Our results indicate that changes in gut metabolites, particularly BAs, are associated with a PCOS-like phenotype in the LET mouse model as well as the protective effect of cohousing. Our results also suggest that transfer of metabolites via coprophagy occurs rapidly and may precipitate changes in bacterial diversity. This study joins a growing body of research highlighting changes in primary and secondary bile acids that may provide a link between host metabolism and gut microbes relevant to the pathology of PCOS.		SAMEA7302576	ERR6760059_bin.66_metawrap_v1.3_MAG			Illumina NovaSeq 6000		The taxonomy of this metagenome-assembled genome was originally computed with GTDBtk, which assigned the following taxonomic annotation: d__Bacteria;p__Bacteroidetes;c__Bacteroidia;o__Bacteroidales;f__Tannerellaceae;g__Parabacteroides;s__Parabacteroides goldsteinii	multi-marker approach
GCA_948602925.1	GB_GCA_948602925.1	d__Bacteria;p__Bacteroidota;c__Bacteroidia;o__Bacteroidales;f__Tannerellaceae;g__Parabacteroides;s__Parabacteroides goldsteinii	90.3	2.77	6251309	43.3349660906145	12693	986	SAMEA112414036	Faeces	none	f	t	f	GCA_948602925.1	SAMEA112414036			ERC000047	2023-02-03	2023-02-03	SAMEA112414036	UNIVERSITY OF CAMBRIDGE	UNIVERSITY OF CAMBRIDGE	2023-02-03T00:46:27Z	2023-02-03T00:46:27Z	public	MGBC143770	Many fragments with little to no review of assembly other than reporting of standard assembly statistics	metaSPAdes_v3.10.1	default parameters, kmer: 4	metaWRAP (MetaBAT2, MaxBin2 and CONCOCT)		not provided		93.99	CheckM	1.54	mouse gut		Faeces	Switzerland	not provided	not provided						metagenome-assembled genome			feces		mouse-associated habitat	mouse gut metagenome		Metagenome-assembled genomes from the Mouse Gastrointestinal Bacteria Catalogue		SRR12334848	MGBC143770		Parabacteroides goldsteinii	Illumina			multi-marker approach
GCA_948651455.1	GB_GCA_948651455.1	d__Bacteria;p__Bacteroidota;c__Bacteroidia;o__Bacteroidales;f__Tannerellaceae;g__Parabacteroides;s__Parabacteroides goldsteinii	99.56	1.34	6409467	43.09515896754182	65338	183	SAMEA112376257	Faeces	none	f	t	f	GCA_948651455.1	SAMEA112376257			ERC000047	2023-02-03	2023-02-03	SAMEA112376257	UNIVERSITY OF CAMBRIDGE	UNIVERSITY OF CAMBRIDGE	2023-02-03T00:36:22Z	2023-02-03T00:36:22Z	public	MGBC102290	Many fragments with little to no review of assembly other than reporting of standard assembly statistics	metaSPAdes_v3.10.1	default parameters, kmer: 4	metaWRAP (MetaBAT2, MaxBin2 and CONCOCT)		not provided		99.62	CheckM	0.32	mouse gut		Faeces	Israel	31.90785	34.81334						metagenome-assembled genome			feces		mouse-associated habitat	mouse gut metagenome		Metagenome-assembled genomes from the Mouse Gastrointestinal Bacteria Catalogue		ERR1725804	MGBC102290		Parabacteroides goldsteinii	Illumina			multi-marker approach
GCA_948685565.1	GB_GCA_948685565.1	d__Bacteria;p__Bacteroidota;c__Bacteroidia;o__Bacteroidales;f__Tannerellaceae;g__Parabacteroides;s__Parabacteroides goldsteinii	94.68	4.43	5999729	43.344550706383885	10736	989	SAMEA112435426	Faeces	none	f	t	f	GCA_948685565.1	SAMEA112435426			ERC000047	2023-02-03	2023-02-03	SAMEA112435426	UNIVERSITY OF CAMBRIDGE	UNIVERSITY OF CAMBRIDGE	2023-02-03T00:50:25Z	2023-02-03T00:50:25Z	public	MGBC165379	Many fragments with little to no review of assembly other than reporting of standard assembly statistics	metaSPAdes_v3.10.1	default parameters, kmer: 4	metaWRAP (MetaBAT2, MaxBin2 and CONCOCT)		not provided		92.22	CheckM	0.64	mouse gut		Faeces	USA	not provided	not provided						metagenome-assembled genome			feces		mouse-associated habitat	mouse gut metagenome		Metagenome-assembled genomes from the Mouse Gastrointestinal Bacteria Catalogue		SRR13102916	MGBC165379		Parabacteroides goldsteinii	Illumina			multi-marker approach
GCA_948697095.1	GB_GCA_948697095.1	d__Bacteria;p__Bacteroidota;c__Bacteroidia;o__Bacteroidales;f__Tannerellaceae;g__Parabacteroides;s__Parabacteroides goldsteinii	90.05	3.52	6094292	43.50527421694149	25122	392	SAMEA112435408	Faeces	none	f	t	f	GCA_948697095.1	SAMEA112435408			ERC000047	2023-02-03	2023-02-03	SAMEA112435408	UNIVERSITY OF CAMBRIDGE	UNIVERSITY OF CAMBRIDGE	2023-02-03T00:50:10Z	2023-02-03T00:50:10Z	public	MGBC165360	Many fragments with little to no review of assembly other than reporting of standard assembly statistics	metaSPAdes_v3.10.1	default parameters, kmer: 4	metaWRAP (MetaBAT2, MaxBin2 and CONCOCT)		not provided		95.57	CheckM	1.60	mouse gut		Faeces	USA	not provided	not provided						metagenome-assembled genome			feces		mouse-associated habitat	mouse gut metagenome		Metagenome-assembled genomes from the Mouse Gastrointestinal Bacteria Catalogue		SRR13102907	MGBC165360		Parabacteroides goldsteinii	Illumina			multi-marker approach
GCA_948865225.1	GB_GCA_948865225.1	d__Bacteria;p__Bacteroidota;c__Bacteroidia;o__Bacteroidales;f__Tannerellaceae;g__Parabacteroides;s__Parabacteroides goldsteinii	91.22	3.11	5845093	43.62945139244332	20403	482	SAMEA112409463	Faeces	none	f	t	f	GCA_948865225.1	SAMEA112409463			ERC000047	2023-02-03	2023-02-03	SAMEA112409463	UNIVERSITY OF CAMBRIDGE	UNIVERSITY OF CAMBRIDGE	2023-02-03T00:46:26Z	2023-02-03T00:46:26Z	public	MGBC136801	Many fragments with little to no review of assembly other than reporting of standard assembly statistics	metaSPAdes_v3.10.1	default parameters, kmer: 4	metaWRAP (MetaBAT2, MaxBin2 and CONCOCT)		not provided		92.35	CheckM	2.31	mouse gut		Faeces	USA	40.07127	-75.09098						metagenome-assembled genome			feces		mouse-associated habitat	mouse gut metagenome		Metagenome-assembled genomes from the Mouse Gastrointestinal Bacteria Catalogue		SRR7761328	MGBC136801		Parabacteroides goldsteinii	Illumina			multi-marker approach
GCA_949345095.1	GB_GCA_949345095.1	d__Bacteria;p__Bacteroidota;c__Bacteroidia;o__Bacteroidales;f__Tannerellaceae;g__Parabacteroides;s__Parabacteroides goldsteinii	93.43	2.56	5786380	43.60422232898634	10582	793	SAMEA112684587	mouse gut metagenome	none	f	t	f	GCA_949345095.1	SAMEA112684587			ERC000047	2023-02-27	2023-02-27	SAMEA112684587	HELMHOLTZ CENTRE FOR INFECTION RESEARCH	HELMHOLTZ CENTRE FOR INFECTION RESEARCH	2023-02-27T16:20:33Z	2023-02-27T16:20:33Z	public	HZI_2_HZIce.13_1677235736	Many fragments with little to no review of assembly other than reporting of standard assembly statistics	metaSPAdes	default	metabat2		not provided		92.18	CheckM	1.99	mouse digestive system		feces	not provided	not provided	not provided						metagenome-assembled genome			mouse gut metagenome		mouse gut	mouse gut metagenome		The integrated mouse gut metagenome catalog (iMGMC), comprising 4.6 million unique genes and 660 high-quality metagenome-assembled genomes (MAGs) linked to reconstructed full-length 16S rRNA gene sequences		SAMEA5689826	HZI_2_HZIce.13_1677235736		Parabacteroides goldsteinii	Illumina HiSeq 2500			multi-marker approach
GCA_958413355.1	GB_GCA_958413355.1	d__Bacteria;p__Bacteroidota;c__Bacteroidia;o__Bacteroidales;f__Tannerellaceae;g__Parabacteroides;s__Parabacteroides goldsteinii	90.37	2.61	5510665	43.7640647725819	11087	617	SAMEA114063393	human feces metagenome	none	f	t	f	GCA_958413355.1	SAMEA114063393			ERC000047	2023-07-13T16:22:55Z	2023-07-13T16:22:55Z	SAMEA114063393	EMG	EMG	2023-07-13T16:22:55Z	2023-07-13T16:22:55Z	public	ERR9578277_bin.8_MetaWRAP_v1.3_MAG	Many fragments with little to no review of assembly other than reporting of standard assembly statistics	metaspades v3.15.3	MaxBin2, MetaBat2, Concoct with default parameter of the metaWRAP pipeline. Bin refinement module used from metaWRAP with default parameters.	MetaWRAP v1.3	EMG broker account, EMBL-EBI	2018		87.21	CheckM	0.83	Human digestive system		faeces	Germany	48.5216364	9.0576448						metagenome-assembled genome			human feces metagenome		colon	human feces metagenome		Changes in intestinal microbiome composition have been described in animal models of Alzheimer`s disease (AD) and AD patients. Here we investigated how well taxonomic and functional intestinal microbiome data can be used to discriminate between amyloid-positive AD patients and cognitively healthy elderly controls.		SAMEA13959675	ERR9578277_bin.8_MetaWRAP_v1.3_MAG		Parabacteroides goldsteinii	Illumina HiSeq 2000		The taxonomy of this Metagenome-Assembled Genome was originally computed with GTDBtk, which assigned the following taxonomic annotation: d__Bacteria;p__Bacteroidetes;c__Bacteroidia;o__Bacteroidales;f__Tannerellaceae;g__Parabacteroides;s__Parabacteroides goldsteinii	multi-marker approach
GCF_000403825.2	RS_GCF_000403825.2	d__Bacteria;p__Bacteroidota;c__Bacteroidia;o__Bacteroidales;f__Tannerellaceae;g__Parabacteroides;s__Parabacteroides goldsteinii	99.99	1.86	7086746	43.52491280327803	355502	33	SAMN01730987	feces	USA: St. Louis; MO	t	f	f	GCA_000403825.2	SAMN01730987																		Unknown								USA: St. Louis, MO			Mouse								feces												dnLKV18		
GCF_009677045.1	RS_GCF_009677045.1	d__Bacteria;p__Bacteroidota;c__Bacteroidia;o__Bacteroidales;f__Tannerellaceae;g__Parabacteroides;s__Parabacteroides goldsteinii	99.98	2.09	6761343	43.41303199674976	141593	133	SAMN11946226	fecal material [ENVO:00002003]	USA: Boston	t	f	f	GCA_009677045.1	SAMN11946226																		2014-07-04					bodily fluid material biome [ENVO:02000019]	excreta material [ENVO:02000022]	fecal material [ENVO:00002003]	USA:Boston			Homo sapiens						missing			42.36 N 71.06 W			missing		missing						BIOML-A1		
GCF_009677055.1	RS_GCF_009677055.1	d__Bacteria;p__Bacteroidota;c__Bacteroidia;o__Bacteroidales;f__Tannerellaceae;g__Parabacteroides;s__Parabacteroides goldsteinii	99.98	2.04	6742956	43.39178544246767	126909	129	SAMN11946231	fecal material [ENVO:00002003]	USA: Boston	t	f	f	GCA_009677055.1	SAMN11946231																		2014-07-04					bodily fluid material biome [ENVO:02000019]	excreta material [ENVO:02000022]	fecal material [ENVO:00002003]	USA:Boston			Homo sapiens						missing			42.36 N 71.06 W			missing		missing						BIOML-A6		
GCF_009677135.1	RS_GCF_009677135.1	d__Bacteria;p__Bacteroidota;c__Bacteroidia;o__Bacteroidales;f__Tannerellaceae;g__Parabacteroides;s__Parabacteroides goldsteinii	99.98	2.1	6767714	43.41659532302931	113382	136	SAMN11946236	fecal material [ENVO:00002003]	USA: Boston	t	f	f	GCA_009677135.1	SAMN11946236																		2014-07-04					bodily fluid material biome [ENVO:02000019]	excreta material [ENVO:02000022]	fecal material [ENVO:00002003]	USA:Boston			Homo sapiens						missing			42.36 N 71.06 W			missing		missing						BIOML-A11		
GCF_009677145.1	RS_GCF_009677145.1	d__Bacteria;p__Bacteroidota;c__Bacteroidia;o__Bacteroidales;f__Tannerellaceae;g__Parabacteroides;s__Parabacteroides goldsteinii	99.98	2.46	6761478	43.419043366643294	112734	149	SAMN11946230	fecal material [ENVO:00002003]	USA: Boston	f	t	f	GCA_009677145.1	SAMN11946230																		2014-07-04					bodily fluid material biome [ENVO:02000019]	excreta material [ENVO:02000022]	fecal material [ENVO:00002003]	USA:Boston			Homo sapiens						missing			42.36 N 71.06 W			missing		missing						BIOML-A5		
GCF_009677155.1	RS_GCF_009677155.1	d__Bacteria;p__Bacteroidota;c__Bacteroidia;o__Bacteroidales;f__Tannerellaceae;g__Parabacteroides;s__Parabacteroides goldsteinii	99.98	1.99	6776699	43.42982092792951	141594	131	SAMN11946234	fecal material [ENVO:00002003]	USA: Boston	t	f	f	GCA_009677155.1	SAMN11946234																		2014-07-04					bodily fluid material biome [ENVO:02000019]	excreta material [ENVO:02000022]	fecal material [ENVO:00002003]	USA:Boston			Homo sapiens						missing			42.36 N 71.06 W			missing		missing						BIOML-A9		
GCF_009677195.1	RS_GCF_009677195.1	d__Bacteria;p__Bacteroidota;c__Bacteroidia;o__Bacteroidales;f__Tannerellaceae;g__Parabacteroides;s__Parabacteroides goldsteinii	99.98	2.09	6761776	43.40147489362155	127048	138	SAMN11946229	fecal material [ENVO:00002003]	USA: Boston	t	f	f	GCA_009677195.1	SAMN11946229																		2014-07-04					bodily fluid material biome [ENVO:02000019]	excreta material [ENVO:02000022]	fecal material [ENVO:00002003]	USA:Boston			Homo sapiens						missing			42.36 N 71.06 W			missing		missing						BIOML-A4		
GCF_009677205.1	RS_GCF_009677205.1	d__Bacteria;p__Bacteroidota;c__Bacteroidia;o__Bacteroidales;f__Tannerellaceae;g__Parabacteroides;s__Parabacteroides goldsteinii	99.98	1.99	6757989	43.406862603653245	126909	127	SAMN11946227	fecal material [ENVO:00002003]	USA: Boston	t	f	f	GCA_009677205.1	SAMN11946227																		2014-07-04					bodily fluid material biome [ENVO:02000019]	excreta material [ENVO:02000022]	fecal material [ENVO:00002003]	USA:Boston			Homo sapiens						missing			42.36 N 71.06 W			missing		missing						BIOML-A2		
GCF_009677815.1	RS_GCF_009677815.1	d__Bacteria;p__Bacteroidota;c__Bacteroidia;o__Bacteroidales;f__Tannerellaceae;g__Parabacteroides;s__Parabacteroides goldsteinii	99.98	2.13	6768663	43.40718395937277	116225	129	SAMN11946235	fecal material [ENVO:00002003]	USA: Boston	t	f	f	GCA_009677815.1	SAMN11946235																		2014-07-04					bodily fluid material biome [ENVO:02000019]	excreta material [ENVO:02000022]	fecal material [ENVO:00002003]	USA:Boston			Homo sapiens						missing			42.36 N 71.06 W			missing		missing						BIOML-A10		
GCF_009677865.1	RS_GCF_009677865.1	d__Bacteria;p__Bacteroidota;c__Bacteroidia;o__Bacteroidales;f__Tannerellaceae;g__Parabacteroides;s__Parabacteroides goldsteinii	99.99	2.07	6758370	43.39695814227395	116225	148	SAMN11946228	fecal material [ENVO:00002003]	USA: Boston	t	f	f	GCA_009677865.1	SAMN11946228																		2014-07-04					bodily fluid material biome [ENVO:02000019]	excreta material [ENVO:02000022]	fecal material [ENVO:00002003]	USA:Boston			Homo sapiens						missing			42.36 N 71.06 W			missing		missing						BIOML-A3		
GCF_010206235.1	RS_GCF_010206235.1	d__Bacteria;p__Bacteroidota;c__Bacteroidia;o__Bacteroidales;f__Tannerellaceae;g__Parabacteroides;s__Parabacteroides goldsteinii	99.98	2.1	6797469	43.45126796301784	109394	115	SAMN12158238	feces	France	t	f	f	GCA_010206235.1	SAMN12158238																		2015-08-26								France			Mus musculus			C57BL/6J SOPF					feces									Bacteria			MD072		
GCF_017873595.1	RS_GCF_017873595.1	d__Bacteria;p__Bacteroidota;c__Bacteroidia;o__Bacteroidales;f__Tannerellaceae;g__Parabacteroides;s__Parabacteroides goldsteinii	99.97	1.93	6881351	43.45325503669265	6881351	1	SAMN16673178	mice feces	Taiwan	t	f	f	GCA_017873595.1	SAMN16673178																		2018-03								Taiwan											mice feces									mice feces			MTS01		
GCF_027688775.1	RS_GCF_027688775.1	d__Bacteria;p__Bacteroidota;c__Bacteroidia;o__Bacteroidales;f__Tannerellaceae;g__Parabacteroides;s__Parabacteroides goldsteinii	99.96	0.6	6561326	43.60095813552533	140119	155	SAMN31807686	fecal material [ENVO:00002003]	China: Shenzhen	t	f	f	GCA_027688775.1	SAMN31807686																		2014-02-01					microbial community [PCO:1000004]	fecal material [ENVO:00002003]	fecal material [ENVO:00002003]	China: Shenzhen			Homo sapiens						not applicable			22.32 N 114.05 E			1		not applicable						AF01-16J		
GCF_902375575.1	RS_GCF_902375575.1	d__Bacteria;p__Bacteroidota;c__Bacteroidia;o__Bacteroidales;f__Tannerellaceae;g__Parabacteroides;s__Parabacteroides goldsteinii	99.94	0.61	6486757	43.35282983957222	511428	33	SAMEA5850992	human gut	none	t	f	f	GCA_902375575.1	SAMEA5850992			ERC000011	2019-08-06T09:56:26Z	2019-08-06T09:56:26Z	SAMEA5850992		EMG	2019-08-06T09:56:26Z	2019-08-06T09:56:26Z	public	MGYG-HGUT-01489					EBI-EMG		Parabacteroides goldsteinii	99.62		0.38	human-associated habitat	human gut		not provided								isolate			human gut					Human gut genomes		SAMN03383454	MGYG-HGUT-01489		Parabacteroides goldsteinii				
GCF_905205365.1	RS_GCF_905205365.1	d__Bacteria;p__Bacteroidota;c__Bacteroidia;o__Bacteroidales;f__Tannerellaceae;g__Parabacteroides;s__Parabacteroides goldsteinii	94.94	0.69	5926420	43.415772085002416	126865	74	SAMEA7846586	human gut	none	f	t	f	GCA_905205365.1	SAMEA7846586	2021-01-23	2021-01-21	ERC000047			SAMEA7846586	EMG	EMG	2021-01-23T04:12:04Z	2021-01-21T22:56:01Z	public	ERR1305901-bin.42	Many fragments with little to no review of assembly other than reporting of standard assembly statistics	spades_v3.11.1	default	MetaWRAP v1.1	EMG broker account, EMBL-EBI	not provided		96.08	CheckM v1.0.11	0.00	human-associated habitat	human gut	faeces	Denmark	not provided	not provided						metagenome-assembled genome			human gut			human gut metagenome		Human gut MAGs		ERS1076051	ERR1305901-bin.42			Illumina HiSeq 2000			multi-marker approach
GCF_910574435.1	RS_GCF_910574435.1	d__Bacteria;p__Bacteroidota;c__Bacteroidia;o__Bacteroidales;f__Tannerellaceae;g__Parabacteroides;s__Parabacteroides goldsteinii	99.98	1.56	6769136	43.40151155113854	197119	60	SAMEA8801277	Mouse faeces	none	t	f	f	GCA_910574435.1	SAMEA8801277	2021-06-18	2021-06-18	ERC000028			SAMEA8801277	UNIVERSITY OF CAMBRIDGE	UNIVERSITY OF CAMBRIDGE	2021-06-18T00:19:14Z	2021-06-18T00:19:14Z	public	MGBC000035						2016								United Kingdom			Mus musculus		healthy					A19_11.PG.DSS	Mouse faeces	52.07944 N 0.18467 E				Mouse Culture Collection (MCC-MGBC)			MGBC000035						
GCF_910574575.1	RS_GCF_910574575.1	d__Bacteria;p__Bacteroidota;c__Bacteroidia;o__Bacteroidales;f__Tannerellaceae;g__Parabacteroides;s__Parabacteroides goldsteinii	99.97	1.58	6775007	43.39221184692688	217450	59	SAMEA8801251	Mouse faeces	none	t	f	f	GCA_910574575.1	SAMEA8801251	2021-06-18	2021-06-18	ERC000028			SAMEA8801251	UNIVERSITY OF CAMBRIDGE	UNIVERSITY OF CAMBRIDGE	2021-06-18T00:19:13Z	2021-06-18T00:19:13Z	public	MGBC000008						2016								United Kingdom			Mus musculus		healthy					7.PG.Ymh	Mouse faeces	52.07944 N 0.18467 E				Mouse Culture Collection (MCC-MGBC)			MGBC000008						
GCF_910577775.1	RS_GCF_910577775.1	d__Bacteria;p__Bacteroidota;c__Bacteroidia;o__Bacteroidales;f__Tannerellaceae;g__Parabacteroides;s__Parabacteroides goldsteinii	97.86	1.32	6194755	43.45692444656811	130620	81	SAMEA8805074	feces	none	f	t	f	GCA_910577775.1	SAMEA8805074	2021-06-18	2021-06-18	ERC000047			SAMEA8805074	UNIVERSITY OF CAMBRIDGE	UNIVERSITY OF CAMBRIDGE	2021-06-18T00:19:12Z	2021-06-18T00:19:12Z	public	MGBC105165	Many fragments with little to no review of assembly other than reporting of standard assembly statistics	metaSPAdes;3.10.1;default	default parameters, kmer: 4	metaWRAP (MetaBAT2, MaxBin2 and CONCOCT)		not provided		99.23	CheckM	0.00	mouse gut	mouse-associated habitat	Faeces	Germany	52.21109	10.53246						metagenome-assembled genome			feces			mouse gut metagenome		Metagenome-assembled genomes from the Mouse Gastrointestinal Bacteria Catalogue		ERS3494305	MGBC105165			Illumina			multi-marker approach
GCF_932751185.1	RS_GCF_932751185.1	d__Bacteria;p__Bacteroidota;c__Bacteroidia;o__Bacteroidales;f__Tannerellaceae;g__Parabacteroides;s__Parabacteroides goldsteinii	99.97	1.79	6764462	43.44224270902845	102970	150	SAMEA13256559	gut content	none	t	f	f	GCA_932751185.1	SAMEA13256559	2022-03-08	2022-03-08	ERC000013			SAMEA13256559	RWTH Aachen University Hospital	RWTH Aachen University Hospital	2022-03-08T16:23:00Z	2022-03-08T16:23:00Z	public	Parabacteroides_goldsteinii_DSM111136						2019-12-03					mouse gastrointestinal tract	mouse intestine	gut content	Germany	50.776389	6.043611		host-associated			10090	single amplified genome								Enriched cultured diversity of the mouse gut microbiota for custom-made synthetic communities			Parabacteroides_goldsteinii_DSM111136			Illumina NextSeq500			
GCF_938010035.1	RS_GCF_938010035.1	d__Bacteria;p__Bacteroidota;c__Bacteroidia;o__Bacteroidales;f__Tannerellaceae;g__Parabacteroides;s__Parabacteroides goldsteinii	95.5	3.89	6285278	43.383172550203824	128202	95	SAMEA14085417	human gut metagenome	none	f	t	f	GCA_938010035.1	SAMEA14085417			ERC000047	2023-01-03	2023-01-03	SAMEA14085417	EBI	European Bioinformatics Institute	2023-01-03T00:33:45Z	2023-01-03T00:33:45Z	public	ERR912189_bin.13_CONCOCT_v1.1_MAG	Many fragments with little to no review of assembly other than reporting of standard assembly statistics	spadesv3.11.1	Default	CONCOCT v1.1	EMG broker account, EMBL-EBI	2010-01-01		98.01	CheckM	1.25	Host-associated	Human	Digestive system	United Kingdom	51.5	-0.12						metagenome-assembled genome			human gut metagenome			human gut metagenome		The gut microbiota has been typically viewed as an environmental factor for human health. Twins are well suited for investigating the concordance of their gut microbiomes and decomposing genetic and environmental influences. However, existing twin studies utilizing metagenomic shotgun sequencing have included only a few samples. Here, we sequenced fecal samples from 250 adult twins in the TwinsUK registry and constructed a comprehensive gut microbial reference gene catalog. We demonstrate heritability of many microbial taxa and functional modules in the gut microbiome, including those associated with diseases. Moreover, we identified 8 million SNPs in the gut microbiome and observe a high similarity in microbiome SNPs between twins that slowly decreases after decades of living apart. The results shed new light on the genetic and environmental influences on the composition and function of the gut microbiome that could relate to risk of complex diseases.		SAMEA3449384	ERR912189_bin.13_CONCOCT_v1.1_MAG		Parabacteroides goldsteinii	Illumina HiSeq 2000			multi-marker approach
GCF_947038275.1	RS_GCF_947038275.1	d__Bacteria;p__Bacteroidota;c__Bacteroidia;o__Bacteroidales;f__Tannerellaceae;g__Parabacteroides;s__Parabacteroides goldsteinii	95.0	1.63	6380109	43.3680521759111	92808	96	SAMEA111423492	mouse gut metagenome	none	f	t	f	GCA_947038275.1	SAMEA111423492			ERC000047	2022-10-03	2022-10-03	SAMEA111423492	EMG	EMG	2022-10-03T12:43:11Z	2022-10-03T12:43:11Z	public	ERR8099108_bin.24_metawrap_v1.3_MAG	Many fragments with little to no review of assembly other than reporting of standard assembly statistics	metaSPAdes v3.15.3	MaxBin2, MetaBat2, Concoct with default parameter of the metaWRAP pipeline. Bin refinement module used from metaWRAP with default parameters.	metawrap v1.3	EMG broker account, EMBL-EBI	2018-03-01		98.85	CheckM	0.64	mouse digestive system		feces	China	22.3	114.18						metagenome-assembled genome			mouse gut metagenome		digestive tube	mouse gut metagenome		We provide metagenomic sequencing data of 16 male C57BL/6 mouse gut microbiomes. To explore the potential maternal and cage mate effects at the early stage after weaning, we chose littermates of two different mother mice and housed them in different cages. Four of the mice (My*, V*, E*, S*) were littermates of one mother mouse, while the rest four (J, Ms, N, U) were littermates of another mother mouse. My* and V* were co-housed in cage 1. U and N were co-housed in cage 3. E*, S* were co-housed together with J, and Ms in cage 2. Samples were collected at the 1st, 2nd, 9th, and 10th day after weaning (weaned at 21 days after birth). Samples of the first two time points and the last two time points were pooled, respectively, and subjected independently to shotgun metagenomic sequencing by the BIGSEQ-500 platform .		SAMEA12364202	ERR8099108_bin.24_metawrap_v1.3_MAG			BGISEQ-500		The taxonomy of this metagenome-assembled genome was originally computed with GTDBtk, which assigned the following taxonomic annotation: d__Bacteria;p__Bacteroidetes;c__Bacteroidia;o__Bacteroidales;f__Tannerellaceae;g__Parabacteroides;s__Parabacteroides goldsteinii	multi-marker approach
GCF_947061905.1	RS_GCF_947061905.1	d__Bacteria;p__Bacteroidota;c__Bacteroidia;o__Bacteroidales;f__Tannerellaceae;g__Parabacteroides;s__Parabacteroides goldsteinii	99.73	1.75	6143066	43.69814682114762	29327	326	SAMEA111463634	mouse gut metagenome	none	f	t	f	GCA_947061905.1	SAMEA111463634			ERC000047	2022-10-13T12:29:00Z	2022-10-13T12:29:00Z	SAMEA111463634		EMG	2022-10-13T12:29:00Z	2022-10-13T12:29:00Z	public	ERR899286_bin.40_metawrap_v1.3_MAG	Many fragments with little to no review of assembly other than reporting of standard assembly statistics	metaSPAdes v3.15.3	MaxBin2, MetaBat2, Concoct with default parameter of the metaWRAP pipeline. Bin refinement module used from metaWRAP with default parameters.	metawrap v1.3	EBI-EMG	not provided		98.25	CheckM	0.64	mouse digestive system		feces	not provided	not provided	not provided						metagenome-assembled genome			mouse gut metagenome		digestive tube	mouse gut metagenome		The gut microbiome is significantly altered in inflammatory bowel diseases, but the basis of these changes is not well understood. We have combined metagenomic and metatranscriptomic profiling of the gut microbiome to assess changes to both bacterial community structure and transcriptional activity in a mouse model of colitis. Gene families involved in microbial resistance to oxidative stress, including Dps/ferritin, Fe-dependent peroxidase and glutathione S-transferase, were transcriptionally up-regulated in colitis, implicating a role for increased oxygen tension in gut microbiota modulation. Transcriptional profiling of the host gut tissue and host RNA in the gut lumen revealed a marked increase in the transcription of genes with an activated macrophage and granulocyte signature, suggesting the involvement of these cell types in influencing microbial gene expression. Down-regulation of host glycosylation genes further supports a role for inflammation-driven changes to the gut niche that may impact the microbiome. We propose that members of the bacterial community react to inflammation-associated increased oxygen tension by inducing genes involved in oxidative stress resistance. Furthermore, correlated transcriptional responses between host glycosylation and bacterial glycan utilisation support a role for altered usage of host-derived carbohydrates in colitis.		SAMEA3403101	ERR899286_bin.40_metawrap_v1.3_MAG		Parabacteroides goldsteinii	Illumina HiSeq 2000		The taxonomy of this metagenome-assembled genome was originally computed with GTDBtk, which assigned the following taxonomic annotation: d__Bacteria;p__Bacteroidetes;c__Bacteroidia;o__Bacteroidales;f__Tannerellaceae;g__Parabacteroides;s__Parabacteroides goldsteinii	multi-marker approach
GCF_947256775.1	RS_GCF_947256775.1	d__Bacteria;p__Bacteroidota;c__Bacteroidia;o__Bacteroidales;f__Tannerellaceae;g__Parabacteroides;s__Parabacteroides goldsteinii	99.98	2.34	6623797	43.38926751529373	133546	80	SAMEA111545528	mouse gut metagenome	none	f	t	f	GCA_947256775.1	SAMEA111545528			ERC000047	2022-11-14	2022-11-14	SAMEA111545528	EMG	EMG	2022-11-14T15:53:20Z	2022-11-14T15:53:20Z	public	SRR19241958_bin.4_metawrap_v1.3_MAG	Many fragments with little to no review of assembly other than reporting of standard assembly statistics	metaSPAdes v3.15.3	MaxBin2, MetaBat2, Concoct with default parameter of the metaWRAP pipeline. Bin refinement module used from metaWRAP with default parameters.	metawrap v1.3	EMG broker account, EMBL-EBI	2016-09-01		99.62	CheckM	1.03	mouse digestive system		feces	USA	42.0308	-93.6319						metagenome-assembled genome			mouse gut metagenome		digestive tube	mouse gut metagenome		Shotgun metagenomic sequencing of colon contents from gnotobiotic C3H/HeNTac mice harboring the altered Schaelder flora (ASF). Genomic DNA was sequencing on the Illumina HiSeq 4000 using 150-bp paired end sequencing. The ASF represent a consortium of eight murine bacterial species that have been used to study the microbiome.		SAMN28488135	SRR19241958_bin.4_metawrap_v1.3_MAG			Illumina HiSeq 4000		The taxonomy of this metagenome-assembled genome was originally computed with GTDBtk, which assigned the following taxonomic annotation: d__Bacteria;p__Bacteroidetes;c__Bacteroidia;o__Bacteroidales;f__Tannerellaceae;g__Parabacteroides;s__Parabacteroides goldsteinii	multi-marker approach
GCF_947256815.1	RS_GCF_947256815.1	d__Bacteria;p__Bacteroidota;c__Bacteroidia;o__Bacteroidales;f__Tannerellaceae;g__Parabacteroides;s__Parabacteroides goldsteinii	99.97	2.0	6510375	43.35220321410057	89860	115	SAMEA111545424	mouse gut metagenome	none	f	t	f	GCA_947256815.1	SAMEA111545424			ERC000047	2022-11-14	2022-11-14	SAMEA111545424	EMG	EMG	2022-11-14T15:53:18Z	2022-11-14T15:53:18Z	public	SRR19524216_bin.3_metawrap_v1.3_MAG	Many fragments with little to no review of assembly other than reporting of standard assembly statistics	metaSPAdes v3.15.3	MaxBin2, MetaBat2, Concoct with default parameter of the metaWRAP pipeline. Bin refinement module used from metaWRAP with default parameters.	metawrap v1.3	EMG broker account, EMBL-EBI	not provided		99.62	CheckM	1.03	mouse digestive system		feces	not provided	not provided	not provided						metagenome-assembled genome			mouse gut metagenome		digestive tube	mouse gut metagenome		The goal of this study was to determine how age-related differences in gut metagenomes influenced the risk of sepsis in a mouse model		SAMN28842950	SRR19524216_bin.3_metawrap_v1.3_MAG			Illumina NovaSeq 6000		The taxonomy of this metagenome-assembled genome was originally computed with GTDBtk, which assigned the following taxonomic annotation: d__Bacteria;p__Bacteroidetes;c__Bacteroidia;o__Bacteroidales;f__Tannerellaceae;g__Parabacteroides;s__Parabacteroides goldsteinii	multi-marker approach
GCF_947364385.1	RS_GCF_947364385.1	d__Bacteria;p__Bacteroidota;c__Bacteroidia;o__Bacteroidales;f__Tannerellaceae;g__Parabacteroides;s__Parabacteroides goldsteinii	99.97	2.12	6577350	43.36237238401484	133646	88	SAMEA112144040	mouse gut metagenome	none	f	t	f	GCA_947364385.1	SAMEA112144040			ERC000047	2022-11-18	2022-11-18	SAMEA112144040	EMG	EMG	2022-11-18T00:22:40Z	2022-11-18T00:22:40Z	public	SRR14836543_bin.5_metawrap_v1.3_MAG	Many fragments with little to no review of assembly other than reporting of standard assembly statistics	not provided	MaxBin2, MetaBat2, Concoct with default parameter of the metaWRAP pipeline. Bin refinement module used from metaWRAP with default parameters.	metawrap v1.3	EMG broker account, EMBL-EBI	2020-10-05		99.62	CheckM	0.64	mouse digestive system		feces	China	39.26	115.25						metagenome-assembled genome			mouse gut metagenome		digestive tube	mouse gut metagenome		Nutritional iron deficiency is a health problem faced by many developing countries. Now there are many schemes about the iron supplement, among them, the research about adjusting iron homeostasis by probiotics is worthy of attention. We decided to use metagenomics to reveal the effect of a low-iron diet on the structure and function of mice gut microbes, combined immune technology to investigate the inflammation of mice, as well as found the effect of Lactobacillus casei Zhang intervention on mice under the background of a low-iron diet. The results of the study showed that the LCZ can regulate the structure and function of the gut microbiota, demonstrates higher bacterial diversity, and up-regulates the metabolic pathways of B vitamins, in addition to the above effects, the LCZ group shows significantly lower levels of IL-18 pro-inflammatory factors compared to the low-iron diet froup. Our study demonstrated that LCZ has potential probiotic effects on the disorder of gut microbiota structure and function caused by a low-iron diet.		SAMN19733855	SRR14836543_bin.5_metawrap_v1.3_MAG			Illumina HiSeq 4000		The taxonomy of this metagenome-assembled genome was originally computed with GTDBtk, which assigned the following taxonomic annotation: d__Bacteria;p__Bacteroidetes;c__Bacteroidia;o__Bacteroidales;f__Tannerellaceae;g__Parabacteroides;s__Parabacteroides goldsteinii	multi-marker approach
GCF_947367975.1	RS_GCF_947367975.1	d__Bacteria;p__Bacteroidota;c__Bacteroidia;o__Bacteroidales;f__Tannerellaceae;g__Parabacteroides;s__Parabacteroides goldsteinii	99.94	2.25	6541480	43.29790811865205	150849	87	SAMEA112147235	mouse gut metagenome	none	f	t	f	GCA_947367975.1	SAMEA112147235			ERC000047	2022-11-18	2022-11-18	SAMEA112147235	EMG	EMG	2022-11-18T20:20:10Z	2022-11-18T20:20:10Z	public	SRR15431177_bin.9_metawrap_v1.3_MAG	Many fragments with little to no review of assembly other than reporting of standard assembly statistics	not provided	MaxBin2, MetaBat2, Concoct with default parameter of the metaWRAP pipeline. Bin refinement module used from metaWRAP with default parameters.	metawrap v1.3	EMG broker account, EMBL-EBI	2021-02-01		98.97	CheckM	0.9	mouse digestive system		feces	China	39.6	117.38						metagenome-assembled genome			mouse gut metagenome		digestive tube	mouse gut metagenome		Diet can usually cause changes in the intestinal microbiota, many of which contain one or more antibiotic resistance genes. Therefore, different diets will also have an impact on the intestinal antibiotic resistance genome. Here we share the changes of intestinal antibiotic resistant genome and bacterial microbiota under the effects of high-sugar, high-fat, high-protein diet and normal diet.		SAMN20708353	SRR15431177_bin.9_metawrap_v1.3_MAG			Illumina HiSeq 4000		The taxonomy of this metagenome-assembled genome was originally computed with GTDBtk, which assigned the following taxonomic annotation: d__Bacteria;p__Bacteroidetes;c__Bacteroidia;o__Bacteroidales;f__Tannerellaceae;g__Parabacteroides;s__Parabacteroides goldsteinii	multi-marker approach
GCF_947571905.1	RS_GCF_947571905.1	d__Bacteria;p__Bacteroidota;c__Bacteroidia;o__Bacteroidales;f__Tannerellaceae;g__Parabacteroides;s__Parabacteroides goldsteinii	99.97	2.14	6554279	43.32938832783896	128830	89	SAMEA112229243	mouse gut metagenome	none	f	t	f	GCA_947571905.1	SAMEA112229243			ERC000047	2022-12-13	2022-12-13	SAMEA112229243	EMG	EMG	2022-12-13T16:27:13Z	2022-12-13T16:27:13Z	public	SRR15604522_bin.3_metawrap_v1.3_MAG	Many fragments with little to no review of assembly other than reporting of standard assembly statistics	not provided	MaxBin2, MetaBat2, Concoct with default parameter of the metaWRAP pipeline. Bin refinement module used from metaWRAP with default parameters.	metawrap v1.3	EMG broker account, EMBL-EBI	2019-11-18		99.62	CheckM	1.03	mouse digestive system		feces	China	40.51	110.104						metagenome-assembled genome			mouse gut metagenome		digestive tube	mouse gut metagenome		To evaluate the role of probiotics in restoring the antibiotic-destroyed gut microbiota and efficacy of ICB therapies, we studied the effect of Lactobacillus rhamnosus Probio-M9 combined with anti-PD-1 on mouse colon cancer and the dynamic changes of gut microbiome by metagenome analyses. The results showed that the combination of Probio-M9 significantly improved tumor inhibition compared with ICB therapy alone in antibiotics treated mice, which could be attribute to the upregulated microbial diversity and increased abundance of beneficial bacteria such as Bifidobacterium pseudolongum, Parabacteroides distasonis and some species of Bacteroides after Probio-M9 supplemented. These changes of structure and composition in gut microbiota caused the alternation of microbiome function, of which the sugar degradation, vitamin and amino acid synthesis pathways were significantly enriched. Collectively, this study indicated that Probio-M9 enhanced the host&apos;s immunotherapeutic response by promoting the colonization of beneficial bacteria and improving intestinal function.		SAMN20968446	SRR15604522_bin.3_metawrap_v1.3_MAG			Illumina HiSeq 2500		The taxonomy of this metagenome-assembled genome was originally computed with GTDBtk, which assigned the following taxonomic annotation: d__Bacteria;p__Bacteroidetes;c__Bacteroidia;o__Bacteroidales;f__Tannerellaceae;g__Parabacteroides;s__Parabacteroides goldsteinii	multi-marker approach
GCF_947649565.1	RS_GCF_947649565.1	d__Bacteria;p__Bacteroidota;c__Bacteroidia;o__Bacteroidales;f__Tannerellaceae;g__Parabacteroides;s__Parabacteroides goldsteinii	99.96	1.77	6455612	43.43973894341853	109846	92	SAMEA112234293	mouse gut metagenome	none	f	t	f	GCA_947649565.1	SAMEA112234293			ERC000047	2022-12-15	2022-12-15	SAMEA112234293	EMG	EMG	2022-12-15T16:21:25Z	2022-12-15T16:21:25Z	public	SRR15730553_bin.95_metawrap_v1.3_MAG	Many fragments with little to no review of assembly other than reporting of standard assembly statistics	not provided	MaxBin2, MetaBat2, Concoct with default parameter of the metaWRAP pipeline. Bin refinement module used from metaWRAP with default parameters.	metawrap v1.3	EMG broker account, EMBL-EBI	2020-12-01		99.62	CheckM	0.64	mouse digestive system		feces	not provided	not provided	not provided						metagenome-assembled genome			mouse gut metagenome		digestive tube	mouse gut metagenome		We performed a deep whole metagenomic shotgun sequencing on mouse samples. Metagenomic de-novo assembly was performed on the samples.		SAMN21237108	SRR15730553_bin.95_metawrap_v1.3_MAG			Illumina HiSeq 4000		The taxonomy of this metagenome-assembled genome was originally computed with GTDBtk, which assigned the following taxonomic annotation: d__Bacteria;p__Bacteroidetes;c__Bacteroidia;o__Bacteroidales;f__Tannerellaceae;g__Parabacteroides;s__Parabacteroides goldsteinii	multi-marker approach
GCF_947653485.1	RS_GCF_947653485.1	d__Bacteria;p__Bacteroidota;c__Bacteroidia;o__Bacteroidales;f__Tannerellaceae;g__Parabacteroides;s__Parabacteroides goldsteinii	99.98	2.57	6723794	43.33710997094795	129926	89	SAMEA112227873	mouse gut metagenome	none	f	t	f	GCA_947653485.1	SAMEA112227873			ERC000047	2022-12-19	2022-12-19	SAMEA112227873	EMG	EMG	2022-12-19T12:21:48Z	2022-12-19T12:21:48Z	public	SRR13428089_bin.16_metawrap_v1.3_MAG	Many fragments with little to no review of assembly other than reporting of standard assembly statistics	metaSPAdes v3.15.3	MaxBin2, MetaBat2, Concoct with default parameter of the metaWRAP pipeline. Bin refinement module used from metaWRAP with default parameters.	metawrap v1.3	EMG broker account, EMBL-EBI	2019-09-30		99.62	CheckM	1.41	mouse digestive system		feces	Luxembourg	not provided	not provided						metagenome-assembled genome			mouse gut metagenome		digestive tube	mouse gut metagenome		The emergence and spread of antimicrobial resistance (AMR) represent an ever-growing healthcare challenge worldwide. Nevertheless, the mechanisms and time-scales shaping this resistome remain elusive. Here, using a cocktail of antibiotics administered to a murine model over a single generation along with a detailed, longitudinal sampling strategy, we identify the mechanisms by which gut commensals acquire AMR within a single generation. While the majority of the resident bacterial populations are depleted due to the treatment, Akkermansia muciniphila and members of the Lachnospiraceae family develop resistance and remain recalcitrant. We identify specific genes conferring resistance against the antibiotic cocktail in the corresponding metagenome-assembled genomes (MAGs), and trace their origins within each genome. While mobile genetic elements (MGEs), including plasmids and phages, contribute to the spread of AMR, we observe that integrons represent the primary factors mediating AMR in the antibiotic-treated mice. Our findings suggest that antibiotic treatment alone may act as the selective pressure driving AMR acquisition and incidence in gut commensals on a generational timescale.		SAMN17307583	SRR13428089_bin.16_metawrap_v1.3_MAG			NextSeq 500		The taxonomy of this metagenome-assembled genome was originally computed with GTDBtk, which assigned the following taxonomic annotation: d__Bacteria;p__Bacteroidetes;c__Bacteroidia;o__Bacteroidales;f__Tannerellaceae;g__Parabacteroides;s__Parabacteroides goldsteinii	multi-marker approach
GCF_948469875.1	RS_GCF_948469875.1	d__Bacteria;p__Bacteroidota;c__Bacteroidia;o__Bacteroidales;f__Tannerellaceae;g__Parabacteroides;s__Parabacteroides goldsteinii	98.98	1.39	6397163	43.41751179389989	92756	115	SAMEA112353667	mouse gut metagenome	none	f	t	f	GCA_948469875.1	SAMEA112353667			ERC000047	2023-01-23	2023-01-23	SAMEA112353667	EMG	EMG	2023-01-23T12:23:05Z	2023-01-23T12:23:05Z	public	SRR17684621_bin.20_metawrap_v1.3_MAG	Many fragments with little to no review of assembly other than reporting of standard assembly statistics	metaSPAdes v3.15.3	MaxBin2, MetaBat2, Concoct with default parameter of the metaWRAP pipeline. Bin refinement module used from metaWRAP with default parameters.	metawrap v1.3	EMG broker account, EMBL-EBI	2021-01-01		99.53	CheckM	0.51	mouse digestive system		feces	Canada	45.50169	-73.56725						metagenome-assembled genome			mouse gut metagenome		digestive tube	mouse gut metagenome		Castalagin polyphenol potentiates anti-PD-1 efficacy through a shift in the microbiome composition, reprogramming the tumor microenvironment		SAMN24892931	SRR17684621_bin.20_metawrap_v1.3_MAG			Illumina NovaSeq 6000		The taxonomy of this Metagenome-Assembled Genome was originally computed with GTDBtk, which assigned the following taxonomic annotation: d__Bacteria;p__Bacteroidetes;c__Bacteroidia;o__Bacteroidales;f__Tannerellaceae;g__Parabacteroides;s__Parabacteroides goldsteinii	multi-marker approach
GCF_948560525.1	RS_GCF_948560525.1	d__Bacteria;p__Bacteroidota;c__Bacteroidia;o__Bacteroidales;f__Tannerellaceae;g__Parabacteroides;s__Parabacteroides goldsteinii	99.39	0.97	6075216	43.42573328837776	41942	287	SAMEA112382011	feces	none	f	t	f	GCA_948560525.1	SAMEA112382011			ERC000047	2023-02-03	2023-02-03	SAMEA112382011	UNIVERSITY OF CAMBRIDGE	UNIVERSITY OF CAMBRIDGE	2023-02-03T00:36:52Z	2023-02-03T00:36:52Z	public	MGBC108181	Many fragments with little to no review of assembly other than reporting of standard assembly statistics	metaSPAdes_v3.10.1	default parameters, kmer: 4	metaWRAP (MetaBAT2, MaxBin2 and CONCOCT)		not provided		98.65	CheckM	0.38	mouse gut		Faeces	Denmark	22.55545	114.05433						metagenome-assembled genome			feces		mouse-associated habitat	mouse gut metagenome		Metagenome-assembled genomes from the Mouse Gastrointestinal Bacteria Catalogue		ERR675632	MGBC108181		Parabacteroides goldsteinii	Illumina			multi-marker approach
GCF_948590365.1	RS_GCF_948590365.1	d__Bacteria;p__Bacteroidota;c__Bacteroidia;o__Bacteroidales;f__Tannerellaceae;g__Parabacteroides;s__Parabacteroides goldsteinii	91.72	1.24	5961871	43.60078937073786	56773	158	SAMEA112436181	feces	none	f	t	f	GCA_948590365.1	SAMEA112436181			ERC000047	2023-02-03	2023-02-03	SAMEA112436181	UNIVERSITY OF CAMBRIDGE	UNIVERSITY OF CAMBRIDGE	2023-02-03T00:51:25Z	2023-02-03T00:51:25Z	public	MGBC166146	Many fragments with little to no review of assembly other than reporting of standard assembly statistics	metaSPAdes_v3.10.1	default parameters, kmer: 4	metaWRAP (MetaBAT2, MaxBin2 and CONCOCT)		not provided		96.53	CheckM	0.00	mouse gut		Faeces	USA	not provided	not provided						metagenome-assembled genome			feces		mouse-associated habitat	mouse gut metagenome		Metagenome-assembled genomes from the Mouse Gastrointestinal Bacteria Catalogue		SRR13102917	MGBC166146		Parabacteroides goldsteinii	Illumina			multi-marker approach
GCF_948592825.1	RS_GCF_948592825.1	d__Bacteria;p__Bacteroidota;c__Bacteroidia;o__Bacteroidales;f__Tannerellaceae;g__Parabacteroides;s__Parabacteroides goldsteinii	92.72	0.45	6025680	43.54200687723211	90584	113	SAMEA112414065	feces	none	f	t	f	GCA_948592825.1	SAMEA112414065			ERC000047	2023-02-03	2023-02-03	SAMEA112414065	UNIVERSITY OF CAMBRIDGE	UNIVERSITY OF CAMBRIDGE	2023-02-03T00:46:20Z	2023-02-03T00:46:20Z	public	MGBC143801	Many fragments with little to no review of assembly other than reporting of standard assembly statistics	metaSPAdes_v3.10.1	default parameters, kmer: 4	metaWRAP (MetaBAT2, MaxBin2 and CONCOCT)		not provided		95.38	CheckM	0.58	mouse gut		Faeces	Switzerland	not provided	not provided						metagenome-assembled genome			feces		mouse-associated habitat	mouse gut metagenome		Metagenome-assembled genomes from the Mouse Gastrointestinal Bacteria Catalogue		SRR12334849	MGBC143801		Parabacteroides goldsteinii	Illumina			multi-marker approach
GCF_948708715.1	RS_GCF_948708715.1	d__Bacteria;p__Bacteroidota;c__Bacteroidia;o__Bacteroidales;f__Tannerellaceae;g__Parabacteroides;s__Parabacteroides goldsteinii	99.88	1.47	6362725	43.423921115311806	98698	111	SAMEA112409306	feces	none	f	t	f	GCA_948708715.1	SAMEA112409306			ERC000047	2023-02-03	2023-02-03	SAMEA112409306	UNIVERSITY OF CAMBRIDGE	UNIVERSITY OF CAMBRIDGE	2023-02-03T00:46:10Z	2023-02-03T00:46:10Z	public	MGBC136644	Many fragments with little to no review of assembly other than reporting of standard assembly statistics	metaSPAdes_v3.10.1	default parameters, kmer: 4	metaWRAP (MetaBAT2, MaxBin2 and CONCOCT)		not provided		98.53	CheckM	0.89	mouse gut		Faeces	USA	40.07127	-75.09098						metagenome-assembled genome			feces		mouse-associated habitat	mouse gut metagenome		Metagenome-assembled genomes from the Mouse Gastrointestinal Bacteria Catalogue		SRR7761320	MGBC136644		Parabacteroides goldsteinii	Illumina			multi-marker approach
GCF_948742315.1	RS_GCF_948742315.1	d__Bacteria;p__Bacteroidota;c__Bacteroidia;o__Bacteroidales;f__Tannerellaceae;g__Parabacteroides;s__Parabacteroides goldsteinii	91.71	1.96	6064004	43.511203596551766	31028	370	SAMEA112436390	feces	none	f	t	f	GCA_948742315.1	SAMEA112436390			ERC000047	2023-02-03	2023-02-03	SAMEA112436390	UNIVERSITY OF CAMBRIDGE	UNIVERSITY OF CAMBRIDGE	2023-02-03T00:50:58Z	2023-02-03T00:50:58Z	public	MGBC166359	Many fragments with little to no review of assembly other than reporting of standard assembly statistics	metaSPAdes_v3.10.1	default parameters, kmer: 4	metaWRAP (MetaBAT2, MaxBin2 and CONCOCT)		not provided		98.07	CheckM	1.22	mouse gut		Faeces	USA	not provided	not provided						metagenome-assembled genome			feces		mouse-associated habitat	mouse gut metagenome		Metagenome-assembled genomes from the Mouse Gastrointestinal Bacteria Catalogue		SRR13102903	MGBC166359		Parabacteroides goldsteinii	Illumina			multi-marker approach
GCF_948761645.1	RS_GCF_948761645.1	d__Bacteria;p__Bacteroidota;c__Bacteroidia;o__Bacteroidales;f__Tannerellaceae;g__Parabacteroides;s__Parabacteroides goldsteinii	99.87	3.15	6430334	43.46716153057598	44592	304	SAMEA112382609	feces	none	f	t	f	GCA_948761645.1	SAMEA112382609			ERC000047	2023-02-03	2023-02-03	SAMEA112382609	UNIVERSITY OF CAMBRIDGE	UNIVERSITY OF CAMBRIDGE	2023-02-03T00:36:35Z	2023-02-03T00:36:35Z	public	MGBC108791	Many fragments with little to no review of assembly other than reporting of standard assembly statistics	metaSPAdes_v3.10.1	default parameters, kmer: 4	metaWRAP (MetaBAT2, MaxBin2 and CONCOCT)		not provided		98.45	CheckM	0.64	mouse gut		Faeces	USA	22.55545	114.05433						metagenome-assembled genome			feces		mouse-associated habitat	mouse gut metagenome		Metagenome-assembled genomes from the Mouse Gastrointestinal Bacteria Catalogue		ERR675651	MGBC108791		Parabacteroides goldsteinii	Illumina			multi-marker approach
GCF_948766295.1	RS_GCF_948766295.1	d__Bacteria;p__Bacteroidota;c__Bacteroidia;o__Bacteroidales;f__Tannerellaceae;g__Parabacteroides;s__Parabacteroides goldsteinii	99.55	0.87	6402457	43.33837775091656	108261	92	SAMEA112431580	feces	none	f	t	f	GCA_948766295.1	SAMEA112431580			ERC000047	2023-02-03	2023-02-03	SAMEA112431580	UNIVERSITY OF CAMBRIDGE	UNIVERSITY OF CAMBRIDGE	2023-02-03T00:51:27Z	2023-02-03T00:51:27Z	public	MGBC161409	Many fragments with little to no review of assembly other than reporting of standard assembly statistics	megahit_v1.1.1-2-g02102e1	default parameters, kmer: 4	metaWRAP (MetaBAT2, MaxBin2 and CONCOCT)		not provided		97.69	CheckM	0.58	mouse gut		Faeces	Austria	48.21313	16.36069						metagenome-assembled genome			feces		mouse-associated habitat	mouse gut metagenome		Metagenome-assembled genomes from the Mouse Gastrointestinal Bacteria Catalogue		SRR6440134	MGBC161409		Parabacteroides goldsteinii	Illumina			multi-marker approach
GCF_948785215.1	RS_GCF_948785215.1	d__Bacteria;p__Bacteroidota;c__Bacteroidia;o__Bacteroidales;f__Tannerellaceae;g__Parabacteroides;s__Parabacteroides goldsteinii	95.06	2.93	6262974	43.433632162049314	73618	145	SAMEA112409410	feces	none	f	t	f	GCA_948785215.1	SAMEA112409410			ERC000047	2023-02-03	2023-02-03	SAMEA112409410	UNIVERSITY OF CAMBRIDGE	UNIVERSITY OF CAMBRIDGE	2023-02-03T00:47:07Z	2023-02-03T00:47:07Z	public	MGBC136748	Many fragments with little to no review of assembly other than reporting of standard assembly statistics	metaSPAdes_v3.10.1	default parameters, kmer: 4	metaWRAP (MetaBAT2, MaxBin2 and CONCOCT)		not provided		97.54	CheckM	0.64	mouse gut		Faeces	USA	40.07127	-75.09098						metagenome-assembled genome			feces		mouse-associated habitat	mouse gut metagenome		Metagenome-assembled genomes from the Mouse Gastrointestinal Bacteria Catalogue		SRR7761326	MGBC136748		Parabacteroides goldsteinii	Illumina			multi-marker approach
GCF_948786225.1	RS_GCF_948786225.1	d__Bacteria;p__Bacteroidota;c__Bacteroidia;o__Bacteroidales;f__Tannerellaceae;g__Parabacteroides;s__Parabacteroides goldsteinii	98.03	4.53	6614972	43.340173630879725	80901	166	SAMEA112409387	feces	none	f	t	f	GCA_948786225.1	SAMEA112409387			ERC000047	2023-02-03	2023-02-03	SAMEA112409387	UNIVERSITY OF CAMBRIDGE	UNIVERSITY OF CAMBRIDGE	2023-02-03T00:46:54Z	2023-02-03T00:46:54Z	public	MGBC136725	Many fragments with little to no review of assembly other than reporting of standard assembly statistics	metaSPAdes_v3.10.1	default parameters, kmer: 4	metaWRAP (MetaBAT2, MaxBin2 and CONCOCT)		not provided		98.82	CheckM	1.42	mouse gut		Faeces	USA	40.07127	-75.09098						metagenome-assembled genome			feces		mouse-associated habitat	mouse gut metagenome		Metagenome-assembled genomes from the Mouse Gastrointestinal Bacteria Catalogue		SRR7761325	MGBC136725		Parabacteroides goldsteinii	Illumina			multi-marker approach
GCF_948821275.1	RS_GCF_948821275.1	d__Bacteria;p__Bacteroidota;c__Bacteroidia;o__Bacteroidales;f__Tannerellaceae;g__Parabacteroides;s__Parabacteroides goldsteinii	90.21	0.96	5579082	43.83755109539338	21666	436	SAMEA112375485	feces	none	f	t	f	GCA_948821275.1	SAMEA112375485			ERC000047	2023-02-03	2023-02-03	SAMEA112375485	UNIVERSITY OF CAMBRIDGE	UNIVERSITY OF CAMBRIDGE	2023-02-03T00:37:43Z	2023-02-03T00:37:43Z	public	MGBC101506	Many fragments with little to no review of assembly other than reporting of standard assembly statistics	metaSPAdes_v3.10.1	default parameters, kmer: 4	metaWRAP (MetaBAT2, MaxBin2 and CONCOCT)		not provided		97.69	CheckM	0.00	mouse gut		Faeces	Denmark	55.676097	12.568337						metagenome-assembled genome			feces		mouse-associated habitat	mouse gut metagenome		Metagenome-assembled genomes from the Mouse Gastrointestinal Bacteria Catalogue		ERR982833	MGBC101506		Parabacteroides goldsteinii	Illumina			multi-marker approach
GCF_948825195.1	RS_GCF_948825195.1	d__Bacteria;p__Bacteroidota;c__Bacteroidia;o__Bacteroidales;f__Tannerellaceae;g__Parabacteroides;s__Parabacteroides goldsteinii	99.37	1.99	6318238	43.39461040218311	51752	247	SAMEA112435616	feces	none	f	t	f	GCA_948825195.1	SAMEA112435616			ERC000047	2023-02-03	2023-02-03	SAMEA112435616	UNIVERSITY OF CAMBRIDGE	UNIVERSITY OF CAMBRIDGE	2023-02-03T00:49:27Z	2023-02-03T00:49:27Z	public	MGBC165573	Many fragments with little to no review of assembly other than reporting of standard assembly statistics	metaSPAdes_v3.10.1	default parameters, kmer: 4	metaWRAP (MetaBAT2, MaxBin2 and CONCOCT)		not provided		98.38	CheckM	0.64	mouse gut		Faeces	USA	not provided	not provided						metagenome-assembled genome			feces		mouse-associated habitat	mouse gut metagenome		Metagenome-assembled genomes from the Mouse Gastrointestinal Bacteria Catalogue		SRR13102906	MGBC165573		Parabacteroides goldsteinii	Illumina			multi-marker approach
GCF_948890965.1	RS_GCF_948890965.1	d__Bacteria;p__Bacteroidota;c__Bacteroidia;o__Bacteroidales;f__Tannerellaceae;g__Parabacteroides;s__Parabacteroides goldsteinii	97.98	4.4	6556813	43.31805149115019	81572	161	SAMEA112409645	feces	none	f	t	f	GCA_948890965.1	SAMEA112409645			ERC000047	2023-02-03	2023-02-03	SAMEA112409645	UNIVERSITY OF CAMBRIDGE	UNIVERSITY OF CAMBRIDGE	2023-02-03T00:46:54Z	2023-02-03T00:46:54Z	public	MGBC136986	Many fragments with little to no review of assembly other than reporting of standard assembly statistics	metaSPAdes_v3.10.1	default parameters, kmer: 4	metaWRAP (MetaBAT2, MaxBin2 and CONCOCT)		not provided		98.82	CheckM	1.04	mouse gut		Faeces	USA	40.07127	-75.09098						metagenome-assembled genome			feces		mouse-associated habitat	mouse gut metagenome		Metagenome-assembled genomes from the Mouse Gastrointestinal Bacteria Catalogue		SRR7762554	MGBC136986		Parabacteroides goldsteinii	Illumina			multi-marker approach
GCF_948908075.1	RS_GCF_948908075.1	d__Bacteria;p__Bacteroidota;c__Bacteroidia;o__Bacteroidales;f__Tannerellaceae;g__Parabacteroides;s__Parabacteroides goldsteinii	99.95	2.22	6434212	43.32150796867735	103360	112	SAMEA112409736	feces	none	f	t	f	GCA_948908075.1	SAMEA112409736			ERC000047	2023-02-03	2023-02-03	SAMEA112409736	UNIVERSITY OF CAMBRIDGE	UNIVERSITY OF CAMBRIDGE	2023-02-03T00:46:33Z	2023-02-03T00:46:33Z	public	MGBC137077	Many fragments with little to no review of assembly other than reporting of standard assembly statistics	metaSPAdes_v3.10.1	default parameters, kmer: 4	metaWRAP (MetaBAT2, MaxBin2 and CONCOCT)		not provided		98.53	CheckM	1.08	mouse gut		Faeces	USA	40.07127	-75.09098						metagenome-assembled genome			feces		mouse-associated habitat	mouse gut metagenome		Metagenome-assembled genomes from the Mouse Gastrointestinal Bacteria Catalogue		SRR7762558	MGBC137077		Parabacteroides goldsteinii	Illumina			multi-marker approach
GCF_948951615.1	RS_GCF_948951615.1	d__Bacteria;p__Bacteroidota;c__Bacteroidia;o__Bacteroidales;f__Tannerellaceae;g__Parabacteroides;s__Parabacteroides goldsteinii	95.03	2.9	6269735	43.43855200998605	73618	147	SAMEA112409620	feces	none	f	t	f	GCA_948951615.1	SAMEA112409620			ERC000047	2023-02-03	2023-02-03	SAMEA112409620	UNIVERSITY OF CAMBRIDGE	UNIVERSITY OF CAMBRIDGE	2023-02-03T00:46:41Z	2023-02-03T00:46:41Z	public	MGBC136961	Many fragments with little to no review of assembly other than reporting of standard assembly statistics	metaSPAdes_v3.10.1	default parameters, kmer: 4	metaWRAP (MetaBAT2, MaxBin2 and CONCOCT)		not provided		97.54	CheckM	0.64	mouse gut		Faeces	USA	40.07127	-75.09098						metagenome-assembled genome			feces		mouse-associated habitat	mouse gut metagenome		Metagenome-assembled genomes from the Mouse Gastrointestinal Bacteria Catalogue		SRR7762552	MGBC136961		Parabacteroides goldsteinii	Illumina			multi-marker approach
GCF_949022055.1	RS_GCF_949022055.1	d__Bacteria;p__Bacteroidota;c__Bacteroidia;o__Bacteroidales;f__Tannerellaceae;g__Parabacteroides;s__Parabacteroides goldsteinii	99.87	1.05	6335056	43.3791233770744	148391	67	SAMEA112413937	feces	none	f	t	f	GCA_949022055.1	SAMEA112413937			ERC000047	2023-02-03	2023-02-03	SAMEA112413937	UNIVERSITY OF CAMBRIDGE	UNIVERSITY OF CAMBRIDGE	2023-02-03T00:39:10Z	2023-02-03T00:39:10Z	public	MGBC143667	Many fragments with little to no review of assembly other than reporting of standard assembly statistics	metaSPAdes_v3.10.1	default parameters, kmer: 4	metaWRAP (MetaBAT2, MaxBin2 and CONCOCT)		not provided		98.84	CheckM	0.19	mouse gut		Faeces	Switzerland	not provided	not provided						metagenome-assembled genome			feces		mouse-associated habitat	mouse gut metagenome		Metagenome-assembled genomes from the Mouse Gastrointestinal Bacteria Catalogue		SRR12334846	MGBC143667		Parabacteroides goldsteinii	Illumina			multi-marker approach
GCF_949030735.1	RS_GCF_949030735.1	d__Bacteria;p__Bacteroidota;c__Bacteroidia;o__Bacteroidales;f__Tannerellaceae;g__Parabacteroides;s__Parabacteroides goldsteinii	99.92	1.02	6414105	43.36524106984855	150539	73	SAMEA112412811	feces	none	f	t	f	GCA_949030735.1	SAMEA112412811			ERC000047	2023-02-03	2023-02-03	SAMEA112412811	UNIVERSITY OF CAMBRIDGE	UNIVERSITY OF CAMBRIDGE	2023-02-03T00:47:10Z	2023-02-03T00:47:10Z	public	MGBC142522	Many fragments with little to no review of assembly other than reporting of standard assembly statistics	metaSPAdes_v3.10.1	default parameters, kmer: 4	metaWRAP (MetaBAT2, MaxBin2 and CONCOCT)		not provided		99.61	CheckM	0.19	mouse gut		Faeces	Switzerland	not provided	not provided						metagenome-assembled genome			feces		mouse-associated habitat	mouse gut metagenome		Metagenome-assembled genomes from the Mouse Gastrointestinal Bacteria Catalogue		SRR12334818	MGBC142522		Parabacteroides goldsteinii	Illumina			multi-marker approach
GCF_949080125.1	RS_GCF_949080125.1	d__Bacteria;p__Bacteroidota;c__Bacteroidia;o__Bacteroidales;f__Tannerellaceae;g__Parabacteroides;s__Parabacteroides goldsteinii	99.71	3.77	6468276	43.4009931757816	74692	153	SAMEA112409865	feces	none	f	t	f	GCA_949080125.1	SAMEA112409865			ERC000047	2023-02-03	2023-02-03	SAMEA112409865	UNIVERSITY OF CAMBRIDGE	UNIVERSITY OF CAMBRIDGE	2023-02-03T00:46:23Z	2023-02-03T00:46:23Z	public	MGBC137207	Many fragments with little to no review of assembly other than reporting of standard assembly statistics	metaSPAdes_v3.10.1	default parameters, kmer: 4	metaWRAP (MetaBAT2, MaxBin2 and CONCOCT)		not provided		99.12	CheckM	1.21	mouse gut		Faeces	USA	40.07127	-75.09098						metagenome-assembled genome			feces		mouse-associated habitat	mouse gut metagenome		Metagenome-assembled genomes from the Mouse Gastrointestinal Bacteria Catalogue		SRR7762565	MGBC137207		Parabacteroides goldsteinii	Illumina			multi-marker approach
GCF_949122975.1	RS_GCF_949122975.1	d__Bacteria;p__Bacteroidota;c__Bacteroidia;o__Bacteroidales;f__Tannerellaceae;g__Parabacteroides;s__Parabacteroides goldsteinii	99.97	1.99	6485886	43.42240982958997	119710	89	SAMEA112444870	mouse gut metagenome	none	f	t	f	GCA_949122975.1	SAMEA112444870			ERC000047					EMG				ERR4467319_bin.2_metawrap_v1.3_MAG	Many fragments with little to no review of assembly other than reporting of standard assembly statistics	metaSPAdes v3.15.3	MaxBin2, MetaBat2, Concoct with default parameter of the metaWRAP pipeline. Bin refinement module used from metaWRAP with default parameters.	metawrap v1.3	EBI-EMG	not provided		99.62	CheckM	1.03	mouse digestive system		feces	USA	32.842	-117.258						metagenome-assembled genome			mouse gut metagenome		digestive tube	mouse gut metagenome		Chronic viruses such as Human Immunodeficiency Virus or Hepatitis C Virus currently afflict hundreds of millions of people worldwide. Some chronic viruses are able to colonize mucosal surfaces such as the gastrointestinal tract (GI), which act as barrier tissues that allow selective interaction of the hostâ€™s mucosal immune system with environmental factors such as microbiota, food antigens or pathogens. Gut mucosal alterations are associated with highly inflammatory conditions and diseases including obesity and autism. Although numerous correlative studies associate specific GI tract microbial species with immune parameters and health of HIV-infected individuals, mechanistic studies establishing a causal relationship between certain components of the microbiota, the anti-viral immune response, host resistance and tolerance to the infection are lacking. Here we propose to combine high- throughput microbiological techniques with immunological approaches in order to gain functional understanding on the impact of the intestinal microbiota in gut health and overall anti-viral immunity in a well-established mouse model of chronic viral infection. By doing so, we will contribute to the basic understanding on how hosts can adapt to life-long coexistence with persistent pathogens and the implications for host health		SAMEA7192671	ERR4467319_bin.2_metawrap_v1.3_MAG		Parabacteroides goldsteinii	Illumina NovaSeq 6000		The taxonomy of this Metagenome-Assembled Genome was originally computed with GTDBtk, which assigned the following taxonomic annotation: d__Bacteria;p__Bacteroidetes;c__Bacteroidia;o__Bacteroidales;f__Tannerellaceae;g__Parabacteroides;s__Parabacteroides goldsteinii	multi-marker approach
GCF_949346165.1	RS_GCF_949346165.1	d__Bacteria;p__Bacteroidota;c__Bacteroidia;o__Bacteroidales;f__Tannerellaceae;g__Parabacteroides;s__Parabacteroides goldsteinii	92.64	1.96	6109677	43.61094702715054	37394	330	SAMEA112684611	mouse gut metagenome	none	f	t	f	GCA_949346165.1	SAMEA112684611			ERC000047	2023-02-27	2023-02-27	SAMEA112684611	HELMHOLTZ CENTRE FOR INFECTION RESEARCH	HELMHOLTZ CENTRE FOR INFECTION RESEARCH	2023-02-27T16:20:34Z	2023-02-27T16:20:34Z	public	HZI_3_HZIco.24_1677235746	Many fragments with little to no review of assembly other than reporting of standard assembly statistics	metaSPAdes	default	metabat2		not provided		96.83	CheckM	1.6	mouse digestive system		feces	not provided	not provided	not provided						metagenome-assembled genome			mouse gut metagenome		mouse gut	mouse gut metagenome		The integrated mouse gut metagenome catalog (iMGMC), comprising 4.6 million unique genes and 660 high-quality metagenome-assembled genomes (MAGs) linked to reconstructed full-length 16S rRNA gene sequences		SAMEA5689827	HZI_3_HZIco.24_1677235746		Parabacteroides goldsteinii	Illumina HiSeq 2500			multi-marker approach
GCF_949349475.1	RS_GCF_949349475.1	d__Bacteria;p__Bacteroidota;c__Bacteroidia;o__Bacteroidales;f__Tannerellaceae;g__Parabacteroides;s__Parabacteroides goldsteinii	99.92	2.06	6566226	43.31791199389116	145885	82	SAMEA112684637	mouse gut metagenome	none	f	t	f	GCA_949349475.1	SAMEA112684637			ERC000047	2023-02-27	2023-02-27	SAMEA112684637	HELMHOLTZ CENTRE FOR INFECTION RESEARCH	HELMHOLTZ CENTRE FOR INFECTION RESEARCH	2023-02-27T16:20:34Z	2023-02-27T16:20:34Z	public	HZI-4_ASF_mp.42_1677235757	Many fragments with little to no review of assembly other than reporting of standard assembly statistics	metaSPAdes	default	metabat2		not provided		98.85	CheckM	1.41	mouse digestive system		feces	not provided	not provided	not provided						metagenome-assembled genome			mouse gut metagenome		mouse gut	mouse gut metagenome		The integrated mouse gut metagenome catalog (iMGMC), comprising 4.6 million unique genes and 660 high-quality metagenome-assembled genomes (MAGs) linked to reconstructed full-length 16S rRNA gene sequences		SAMEA5689828	HZI-4_ASF_mp.42_1677235757		Parabacteroides goldsteinii	Illumina HiSeq 2500			multi-marker approach
GCF_949386655.1	RS_GCF_949386655.1	d__Bacteria;p__Bacteroidota;c__Bacteroidia;o__Bacteroidales;f__Tannerellaceae;g__Parabacteroides;s__Parabacteroides goldsteinii	92.16	5.04	5801070	43.71836574976685	14149	609	SAMEA112714297	mouse gut metagenome	none	f	t	f	GCA_949386655.1	SAMEA112714297			ERC000047	2023-03-06	2023-03-06	SAMEA112714297	HELMHOLTZ CENTRE FOR INFECTION RESEARCH	HELMHOLTZ CENTRE FOR INFECTION RESEARCH	2023-03-06T00:25:41Z	2023-03-06T00:25:41Z	public	D-Fe7_120416.20_1677753901	Many fragments with little to no review of assembly other than reporting of standard assembly statistics	metaSPAdes	default	metabat2		2012-01-01		95.53	CheckM	1.35	mouse digestive system		feces	Denmark	40.416634	-3.7037659						metagenome-assembled genome			mouse gut metagenome		mouse gut	mouse gut metagenome		A Catalogue of the Mouse Gut Metagenome		SAMEA3134486	D-Fe7_120416.20_1677753901		Parabacteroides goldsteinii	Illumina HiSeq 2000			multi-marker approach
GCF_949392105.1	RS_GCF_949392105.1	d__Bacteria;p__Bacteroidota;c__Bacteroidia;o__Bacteroidales;f__Tannerellaceae;g__Parabacteroides;s__Parabacteroides goldsteinii	91.49	2.51	6278312	43.5341219104753	35340	317	SAMEA112728156	mouse gut metagenome	none	f	t	f	GCA_949392105.1	SAMEA112728156			ERC000047	2023-03-06	2023-03-06	SAMEA112728156	HELMHOLTZ CENTRE FOR INFECTION RESEARCH	HELMHOLTZ CENTRE FOR INFECTION RESEARCH	2023-03-06T00:25:07Z	2023-03-06T00:25:07Z	public	extra-SRR6032563.2_1677799084	Many fragments with little to no review of assembly other than reporting of standard assembly statistics	metaSPAdes	default	metabat2		2015-11-09		97.95	CheckM	1.99	mouse digestive system		feces	USA	39.002346	-77.100914						metagenome-assembled genome			mouse gut metagenome		mouse gut	mouse gut metagenome		Creating animal models with natural microbiota to study disease resistance		SAMN07248900	extra-SRR6032563.2_1677799084		Parabacteroides goldsteinii	NextSeq 500			multi-marker approach
GCF_949393655.1	RS_GCF_949393655.1	d__Bacteria;p__Bacteroidota;c__Bacteroidia;o__Bacteroidales;f__Tannerellaceae;g__Parabacteroides;s__Parabacteroides goldsteinii	90.39	1.75	5753225	43.898561241738335	14131	612	SAMEA112728254	mouse gut metagenome	none	f	t	f	GCA_949393655.1	SAMEA112728254			ERC000047	2023-03-06	2023-03-06	SAMEA112728254	HELMHOLTZ CENTRE FOR INFECTION RESEARCH	HELMHOLTZ CENTRE FOR INFECTION RESEARCH	2023-03-06T00:25:39Z	2023-03-06T00:25:39Z	public	extra-SRR6032567.31_1677799126	Many fragments with little to no review of assembly other than reporting of standard assembly statistics	metaSPAdes	default	metabat2		2015-12-30		91.54	CheckM	0.77	mouse digestive system		feces	USA	39.002346	-77.100914						metagenome-assembled genome			mouse gut metagenome		mouse gut	mouse gut metagenome		Creating animal models with natural microbiota to study disease resistance		SAMN07248893	extra-SRR6032567.31_1677799126		Parabacteroides goldsteinii	NextSeq 500			multi-marker approach
GCF_949407495.1	RS_GCF_949407495.1	d__Bacteria;p__Bacteroidota;c__Bacteroidia;o__Bacteroidales;f__Tannerellaceae;g__Parabacteroides;s__Parabacteroides goldsteinii	97.44	3.66	6483984	43.33759922911592	62424	192	SAMEA112714935	mouse gut metagenome	none	f	t	f	GCA_949407495.1	SAMEA112714935			ERC000047	2023-03-06	2023-03-06	SAMEA112714935	HELMHOLTZ CENTRE FOR INFECTION RESEARCH	HELMHOLTZ CENTRE FOR INFECTION RESEARCH	2023-03-06T00:25:22Z	2023-03-06T00:25:22Z	public	Group2-7A_111219.28_1677754614	Many fragments with little to no review of assembly other than reporting of standard assembly statistics	metaSPAdes	default	metabat2		2012-01-01		99.04	CheckM	1.51	mouse digestive system		feces	USA	40.70606	-73.99703						metagenome-assembled genome			mouse gut metagenome		mouse gut	mouse gut metagenome		A Catalogue of the Mouse Gut Metagenome		SAMEA3134503	Group2-7A_111219.28_1677754614		Parabacteroides goldsteinii	Illumina HiSeq 2000			multi-marker approach
GCF_949410045.1	RS_GCF_949410045.1	d__Bacteria;p__Bacteroidota;c__Bacteroidia;o__Bacteroidales;f__Tannerellaceae;g__Parabacteroides;s__Parabacteroides goldsteinii	93.13	2.52	6093963	43.52082544642953	41662	238	SAMEA112714251	mouse gut metagenome	none	f	t	f	GCA_949410045.1	SAMEA112714251			ERC000047	2023-03-06	2023-03-06	SAMEA112714251	HELMHOLTZ CENTRE FOR INFECTION RESEARCH	HELMHOLTZ CENTRE FOR INFECTION RESEARCH	2023-03-06T00:24:56Z	2023-03-06T00:24:56Z	public	D-Fe5_120416.44_1677753881	Many fragments with little to no review of assembly other than reporting of standard assembly statistics	metaSPAdes	default	metabat2		2012-01-01		98.46	CheckM	1.35	mouse digestive system		feces	Denmark	40.416634	-3.7037659						metagenome-assembled genome			mouse gut metagenome		mouse gut	mouse gut metagenome		A Catalogue of the Mouse Gut Metagenome		SAMEA3134484	D-Fe5_120416.44_1677753881		Parabacteroides goldsteinii	Illumina HiSeq 2000			multi-marker approach
GCF_949410935.1	RS_GCF_949410935.1	d__Bacteria;p__Bacteroidota;c__Bacteroidia;o__Bacteroidales;f__Tannerellaceae;g__Parabacteroides;s__Parabacteroides goldsteinii	91.1	3.2	5968432	43.55542628281599	22083	466	SAMEA112728122	mouse gut metagenome	none	f	t	f	GCA_949410935.1	SAMEA112728122			ERC000047	2023-03-06	2023-03-06	SAMEA112728122	HELMHOLTZ CENTRE FOR INFECTION RESEARCH	HELMHOLTZ CENTRE FOR INFECTION RESEARCH	2023-03-06T00:25:04Z	2023-03-06T00:25:04Z	public	extra-SRR6032561.19_1677799066	Many fragments with little to no review of assembly other than reporting of standard assembly statistics	metaSPAdes	default	metabat2		2015-11-09		94.81	CheckM	1.15	mouse digestive system		feces	USA	39.002346	-77.100914						metagenome-assembled genome			mouse gut metagenome		mouse gut	mouse gut metagenome		Creating animal models with natural microbiota to study disease resistance		SAMN07248895	extra-SRR6032561.19_1677799066		Parabacteroides goldsteinii	NextSeq 500			multi-marker approach
GCF_949425035.1	RS_GCF_949425035.1	d__Bacteria;p__Bacteroidota;c__Bacteroidia;o__Bacteroidales;f__Tannerellaceae;g__Parabacteroides;s__Parabacteroides goldsteinii	93.07	2.0	6089306	43.48626920703279	33117	377	SAMEA112724352	mouse gut metagenome	none	f	t	f	GCA_949425035.1	SAMEA112724352			ERC000047	2023-03-06	2023-03-06	SAMEA112724352	HELMHOLTZ CENTRE FOR INFECTION RESEARCH	HELMHOLTZ CENTRE FOR INFECTION RESEARCH	2023-03-06T04:21:56Z	2023-03-06T04:21:56Z	public	extra-SRR1703492.80_1677795768	Many fragments with little to no review of assembly other than reporting of standard assembly statistics	metaSPAdes	default	metabat2		2011-11-22		96.0	CheckM	1.92	mouse digestive system		feces	Singapore	1.3	103.8						metagenome-assembled genome			mouse gut metagenome		mouse gut	mouse gut metagenome		Mouse gut metagenome before and after antibiotic treatment		SAMN03257072	extra-SRR1703492.80_1677795768		Parabacteroides goldsteinii	Illumina HiSeq 2000			multi-marker approach
GCF_949434065.1	RS_GCF_949434065.1	d__Bacteria;p__Bacteroidota;c__Bacteroidia;o__Bacteroidales;f__Tannerellaceae;g__Parabacteroides;s__Parabacteroides goldsteinii	93.02	2.48	6279023	43.47284601441976	39293	258	SAMEA112728197	mouse gut metagenome	none	f	t	f	GCA_949434065.1	SAMEA112728197			ERC000047	2023-03-06	2023-03-06	SAMEA112728197	HELMHOLTZ CENTRE FOR INFECTION RESEARCH	HELMHOLTZ CENTRE FOR INFECTION RESEARCH	2023-03-06T00:25:39Z	2023-03-06T00:25:39Z	public	extra-SRR6032564.34_1677799104	Many fragments with little to no review of assembly other than reporting of standard assembly statistics	metaSPAdes	default	metabat2		2015-11-09		97.69	CheckM	1.92	mouse digestive system		feces	USA	39.002346	-77.100914						metagenome-assembled genome			mouse gut metagenome		mouse gut	mouse gut metagenome		Creating animal models with natural microbiota to study disease resistance		SAMN07248892	extra-SRR6032564.34_1677799104		Parabacteroides goldsteinii	NextSeq 500			multi-marker approach
GCF_958368535.1	RS_GCF_958368535.1	d__Bacteria;p__Bacteroidota;c__Bacteroidia;o__Bacteroidales;f__Tannerellaceae;g__Parabacteroides;s__Parabacteroides segnis	91.53	0.73	5742546	43.40301322793061	19156	399	SAMEA114065238	human feces metagenome	none	f	t	f	GCA_958368535.1	SAMEA114065238			ERC000047	2023-07-13T20:34:55Z	2023-07-13T20:34:55Z	SAMEA114065238	EMG	EMG	2023-07-13T20:34:55Z	2023-07-13T20:34:55Z	public	SRR22541668_bin.6_MetaWRAP_v1.3_MAG	Many fragments with little to no review of assembly other than reporting of standard assembly statistics	metaspades v3.15.3	MaxBin2, MetaBat2, Concoct with default parameter of the metaWRAP pipeline. Bin refinement module used from metaWRAP with default parameters.	MetaWRAP v1.3	EMG broker account, EMBL-EBI	2018-03-08		93.44	CheckM	0.38	Human digestive system		faeces	China	39.9	116.3						metagenome-assembled genome			human feces metagenome		colon	human feces metagenome		Investigating what the microbiota is and how them interact		SAMN32064693	SRR22541668_bin.6_MetaWRAP_v1.3_MAG		Parabacteroides goldsteinii	Illumina NovaSeq 6000		The taxonomy of this Metagenome-Assembled Genome was originally computed with GTDBtk, which assigned the following taxonomic annotation: d__Bacteria;p__Bacteroidetes;c__Bacteroidia;o__Bacteroidales;f__Tannerellaceae;g__Parabacteroides;s__Parabacteroides goldsteinii	multi-marker approach
GCF_959018585.1	RS_GCF_959018585.1	d__Bacteria;p__Bacteroidota;c__Bacteroidia;o__Bacteroidales;f__Tannerellaceae;g__Parabacteroides;s__Parabacteroides goldsteinii	95.35	1.23	6275535	43.43763519763654	92695	111	SAMEA114095528	human feces metagenome	none	f	t	f	GCA_959018585.1	SAMEA114095528			ERC000047	2023-07-18T12:24:28Z	2023-07-18T12:24:28Z	SAMEA114095528	EMG	EMG	2023-07-18T12:24:28Z	2023-07-18T12:24:28Z	public	SRR20881974_bin.25_MetaWRAP_v1.3_MAG	Many fragments with little to no review of assembly other than reporting of standard assembly statistics	metaspades v3.15.3	MaxBin2, MetaBat2, Concoct with default parameter of the metaWRAP pipeline. Bin refinement module used from metaWRAP with default parameters.	MetaWRAP v1.3	EMG broker account, EMBL-EBI	2019-05-01		97.67	CheckM	0.1	Human digestive system		faeces	USA	41.65966	-91.54766						metagenome-assembled genome			human feces metagenome		colon	human feces metagenome		Despite the emerging success of immunotherapy in non-small-cell lung cancer (NSCLC), it re-mains clinically important to better identify patients who are likely to respond to treatment, espe-cially considering the existence of immune-related adverse events (irAEs). In recent years, the gut microbiome has been correlated with treatment response, but no predictive models relating the two have been developed. Findings from our current study showed that a functional profile of the human gut microbiome outperformed taxonomical results across different studies and can be uti-lized to establish a model with good predictive value in lung cancer immunotherapy.		SAMN30170370	SRR20881974_bin.25_MetaWRAP_v1.3_MAG		Parabacteroides goldsteinii	Illumina HiSeq 4000		The taxonomy of this Metagenome-Assembled Genome was originally computed with GTDBtk, which assigned the following taxonomic annotation: d__Bacteria;p__Bacteroidetes;c__Bacteroidia;o__Bacteroidales;f__Tannerellaceae;g__Parabacteroides;s__Parabacteroides goldsteinii	multi-marker approach
GCF_959021585.1	RS_GCF_959021585.1	d__Bacteria;p__Bacteroidota;c__Bacteroidia;o__Bacteroidales;f__Tannerellaceae;g__Parabacteroides;s__Parabacteroides goldsteinii	98.16	0.9	6227606	43.34485836130288	90639	106	SAMEA114096630	human feces metagenome	none	f	t	f	GCA_959021585.1	SAMEA114096630			ERC000047	2023-07-18T16:27:40Z	2023-07-18T16:27:40Z	SAMEA114096630	EMG	EMG	2023-07-18T16:27:40Z	2023-07-18T16:27:40Z	public	SRR13494517_bin.38_MetaWRAP_v1.3_MAG	Many fragments with little to no review of assembly other than reporting of standard assembly statistics	metaspades v3.15.3	MaxBin2, MetaBat2, Concoct with default parameter of the metaWRAP pipeline. Bin refinement module used from metaWRAP with default parameters.	MetaWRAP v1.3	EMG broker account, EMBL-EBI	2018-01-17		81.38	CheckM	0.86	Human digestive system		faeces	USA	42.2	-71.06						metagenome-assembled genome			human feces metagenome		colon	human feces metagenome		Fecal microbiota transplantation (FMT) is an effective therapy for recurrent Clostridioides difficile infection (CDI). However, the overall mechanisms of FMT have not been comprehensively elucidated, and the safety of FMT has recently become a serious concern because of the occurrence of drug-resistant bacteremia transmitted by FMT. We investigated whether the functional restoration of the bacteriomes and viromes by FMT could be an indicator of successful FMT.		SAMN17393296	SRR13494517_bin.38_MetaWRAP_v1.3_MAG		Parabacteroides goldsteinii	Illumina HiSeq 2500		The taxonomy of this Metagenome-Assembled Genome was originally computed with GTDBtk, which assigned the following taxonomic annotation: d__Bacteria;p__Bacteroidetes;c__Bacteroidia;o__Bacteroidales;f__Tannerellaceae;g__Parabacteroides;s__Parabacteroides goldsteinii	multi-marker approach
